,X,date.dd.mm.yy.,bd_liz_id,MR_O2_min,marker_sample,FMS,time_in_chamber,Geno.pheno,Date.Hatched,Phenotypic.Sex,Genotypic.Sex,mass,svl_mm,match,Final_MR_O2_min
1,3,12/4/21,423,1.455193112,11000,2,65,XX_Female,6/2/21,Female,XX,0.893,32,Data_04-13-2021_Bassiana_Mux2.exp.6,0.022387586
2,4,12/4/21,423,1.436994906,15030,2,65,XX_Female,6/2/21,Female,XX,0.893,32,Data_04-13-2021_Bassiana_Mux2.exp.6,0.022107614
3,5,12/4/21,423,1.351744856,19250,2,65,XX_Female,6/2/21,Female,XX,0.893,32,Data_04-13-2021_Bassiana_Mux2.exp.6,0.020796075
4,6,12/4/21,423,1.290187857,23450,2,65,XX_Female,6/2/21,Female,XX,0.893,32,Data_04-13-2021_Bassiana_Mux2.exp.6,0.019849044
5,7,12/4/21,423,1.203177272,27650,2,65,XX_Female,6/2/21,Female,XX,0.893,32,Data_04-13-2021_Bassiana_Mux2.exp.6,0.01851042
6,8,12/4/21,423,1.088065096,31850,2,65,XX_Female,6/2/21,Female,XX,0.893,32,Data_04-13-2021_Bassiana_Mux2.exp.6,0.016739463
7,9,12/4/21,423,0.981175035,35960,2,65,XX_Female,6/2/21,Female,XX,0.893,32,Data_04-13-2021_Bassiana_Mux2.exp.6,0.015095001
8,10,12/4/21,423,0.895248502,40160,2,65,XX_Female,6/2/21,Female,XX,0.893,32,Data_04-13-2021_Bassiana_Mux2.exp.6,0.013773054
9,11,12/4/21,423,0.857470061,44360,2,65,XX_Female,6/2/21,Female,XX,0.893,32,Data_04-13-2021_Bassiana_Mux2.exp.6,0.013191847
10,16,12/4/21,424,0.940110689,12200,2,65,XX_Male,8/2/21,Male,XX,0.914,33,Data_04-13-2021_Bassiana_Mux2.exp.8,0.014463241
11,17,12/4/21,424,0.985878522,16250,2,65,XX_Male,8/2/21,Male,XX,0.914,33,Data_04-13-2021_Bassiana_Mux2.exp.8,0.015167362
12,18,12/4/21,424,0.96403858,20450,2,65,XX_Male,8/2/21,Male,XX,0.914,33,Data_04-13-2021_Bassiana_Mux2.exp.8,0.014831363
13,19,12/4/21,424,0.917922107,24650,2,65,XX_Male,8/2/21,Male,XX,0.914,33,Data_04-13-2021_Bassiana_Mux2.exp.8,0.014121879
14,20,12/4/21,424,0.872452717,28850,2,65,XX_Male,8/2/21,Male,XX,0.914,33,Data_04-13-2021_Bassiana_Mux2.exp.8,0.013422349
15,21,12/4/21,424,0.977290196,33050,2,65,XX_Male,8/2/21,Male,XX,0.914,33,Data_04-13-2021_Bassiana_Mux2.exp.8,0.015035234
16,22,12/4/21,424,1.616091765,37160,2,65,XX_Male,8/2/21,Male,XX,0.914,33,Data_04-13-2021_Bassiana_Mux2.exp.8,0.02486295
17,23,12/4/21,424,1.550250841,41360,2,65,XX_Male,8/2/21,Male,XX,0.914,33,Data_04-13-2021_Bassiana_Mux2.exp.8,0.023850013
18,24,12/4/21,424,1.441200238,45560,2,65,XX_Male,8/2/21,Male,XX,0.914,33,Data_04-13-2021_Bassiana_Mux2.exp.8,0.022172311
19,29,12/4/21,425_S,1.663601442,9200,1,65,XX_Male,8/2/21,Male,XX,0.689,30,Data_04-13-2021_Bassiana.exp.3,0.025593868
20,30,12/4/21,425_S,1.632085894,13230,1,65,XX_Male,8/2/21,Male,XX,0.689,30,Data_04-13-2021_Bassiana.exp.3,0.025109014
21,31,12/4/21,425_S,1.596562996,17450,1,65,XX_Male,8/2/21,Male,XX,0.689,30,Data_04-13-2021_Bassiana.exp.3,0.024562508
22,32,12/4/21,425_S,1.442708919,21650,1,65,XX_Male,8/2/21,Male,XX,0.689,30,Data_04-13-2021_Bassiana.exp.3,0.022195522
23,33,12/4/21,425_S,1.247927233,25850,1,65,XX_Male,8/2/21,Male,XX,0.689,30,Data_04-13-2021_Bassiana.exp.3,0.019198881
24,34,12/4/21,425_S,1.055770022,30050,1,65,XX_Male,8/2/21,Male,XX,0.689,30,Data_04-13-2021_Bassiana.exp.3,0.016242616
25,35,12/4/21,425_S,0.912231593,34160,1,65,XX_Male,8/2/21,Male,XX,0.689,30,Data_04-13-2021_Bassiana.exp.3,0.014034332
26,36,12/4/21,425_S,0.829773874,38360,1,65,XX_Male,8/2/21,Male,XX,0.689,30,Data_04-13-2021_Bassiana.exp.3,0.012765752
27,37,12/4/21,425_S,0.797827202,42560,1,65,XX_Male,8/2/21,Male,XX,0.689,30,Data_04-13-2021_Bassiana.exp.3,0.012274265
28,42,12/4/21,427,1.667660976,10400,1,65,XY_Male,8/2/21,Male,XY,0.836,29,Data_04-13-2021_Bassiana.exp.5,0.025656323
29,43,12/4/21,427,1.526593541,14430,1,65,XY_Male,8/2/21,Male,XY,0.836,29,Data_04-13-2021_Bassiana.exp.5,0.023486054
30,44,12/4/21,427,1.431331237,18650,1,65,XY_Male,8/2/21,Male,XY,0.836,29,Data_04-13-2021_Bassiana.exp.5,0.022020481
31,45,12/4/21,427,1.323757303,22850,1,65,XY_Male,8/2/21,Male,XY,0.836,29,Data_04-13-2021_Bassiana.exp.5,0.020365497
32,46,12/4/21,427,1.230316017,27050,1,65,XY_Male,8/2/21,Male,XY,0.836,29,Data_04-13-2021_Bassiana.exp.5,0.018927939
33,47,12/4/21,427,1.099916647,31250,1,65,XY_Male,8/2/21,Male,XY,0.836,29,Data_04-13-2021_Bassiana.exp.5,0.016921795
34,48,12/4/21,427,1.006689605,35360,1,65,XY_Male,8/2/21,Male,XY,0.836,29,Data_04-13-2021_Bassiana.exp.5,0.015487532
35,49,12/4/21,427,1.122271771,39560,1,65,XY_Male,8/2/21,Male,XY,0.836,29,Data_04-13-2021_Bassiana.exp.5,0.01726572
36,50,12/4/21,427,2.775866504,43760,1,65,XY_Male,8/2/21,Male,XY,0.836,29,Data_04-13-2021_Bassiana.exp.5,0.042705639
37,55,12/4/21,447,1.743319235,9800,1,65,XX_Female,1/2/21,Female,XX,0.781,31,Data_04-13-2021_Bassiana.exp.4,0.026820296
38,56,12/4/21,447,1.748020674,13830,1,65,XX_Female,1/2/21,Female,XX,0.781,31,Data_04-13-2021_Bassiana.exp.4,0.026892626
39,57,12/4/21,447,1.650033008,18050,1,65,XX_Female,1/2/21,Female,XX,0.781,31,Data_04-13-2021_Bassiana.exp.4,0.025385123
40,58,12/4/21,447,1.50139548,22250,1,65,XX_Female,1/2/21,Female,XX,0.781,31,Data_04-13-2021_Bassiana.exp.4,0.023098392
41,59,12/4/21,447,1.328363885,26450,1,65,XX_Female,1/2/21,Female,XX,0.781,31,Data_04-13-2021_Bassiana.exp.4,0.020436367
42,60,12/4/21,447,1.083238772,30650,1,65,XX_Female,1/2/21,Female,XX,0.781,31,Data_04-13-2021_Bassiana.exp.4,0.016665212
43,61,12/4/21,447,0.945608198,34760,1,65,XX_Female,1/2/21,Female,XX,0.781,31,Data_04-13-2021_Bassiana.exp.4,0.014547818
44,62,12/4/21,447,0.857554769,38960,1,65,XX_Female,1/2/21,Female,XX,0.781,31,Data_04-13-2021_Bassiana.exp.4,0.01319315
45,63,12/4/21,447,0.929077316,43160,1,65,XX_Female,1/2/21,Female,XX,0.781,31,Data_04-13-2021_Bassiana.exp.4,0.014293497
46,68,12/4/21,448,1.935506997,12200,1,65,XY_Male,1/2/21,Male,XY,0.814,30,Data_04-13-2021_Bassiana.exp.8,0.029777031
47,69,12/4/21,448,1.864199909,16250,1,65,XY_Male,1/2/21,Male,XY,0.814,30,Data_04-13-2021_Bassiana.exp.8,0.028679999
48,70,12/4/21,448,1.824009692,20450,1,65,XY_Male,1/2/21,Male,XY,0.814,30,Data_04-13-2021_Bassiana.exp.8,0.028061688
49,71,12/4/21,448,1.682342609,24650,1,65,XY_Male,1/2/21,Male,XY,0.814,30,Data_04-13-2021_Bassiana.exp.8,0.025882194
50,72,12/4/21,448,1.447203089,28850,1,65,XY_Male,1/2/21,Male,XY,0.814,30,Data_04-13-2021_Bassiana.exp.8,0.022264663
51,73,12/4/21,448,1.193006445,33050,1,65,XY_Male,1/2/21,Male,XY,0.814,30,Data_04-13-2021_Bassiana.exp.8,0.018353945
52,74,12/4/21,448,1.428268618,37160,1,65,XY_Male,1/2/21,Male,XY,0.814,30,Data_04-13-2021_Bassiana.exp.8,0.021973363
53,75,12/4/21,448,1.240449502,41360,1,65,XY_Male,1/2/21,Male,XY,0.814,30,Data_04-13-2021_Bassiana.exp.8,0.019083838
54,76,12/4/21,448,1.282974496,45560,1,65,XY_Male,1/2/21,Male,XY,0.814,30,Data_04-13-2021_Bassiana.exp.8,0.019738069
55,81,12/4/21,449,0.809613678,8600,1,65,XY_Male,1/2/21,Male,XY,0.697,30,Data_04-13-2021_Bassiana.exp.2,0.012455595
56,82,12/4/21,449,0.807322284,12630,1,65,XY_Male,1/2/21,Male,XY,0.697,30,Data_04-13-2021_Bassiana.exp.2,0.012420343
57,83,12/4/21,449,0.794381432,16850,1,65,XY_Male,1/2/21,Male,XY,0.697,30,Data_04-13-2021_Bassiana.exp.2,0.012221253
58,84,12/4/21,449,0.754317642,21050,1,65,XY_Male,1/2/21,Male,XY,0.697,30,Data_04-13-2021_Bassiana.exp.2,0.011604887
59,85,12/4/21,449,0.683282657,25250,1,65,XY_Male,1/2/21,Male,XY,0.697,30,Data_04-13-2021_Bassiana.exp.2,0.010512041
60,86,12/4/21,449,0.610188795,29450,1,65,XY_Male,1/2/21,Male,XY,0.697,30,Data_04-13-2021_Bassiana.exp.2,0.00938752
61,87,12/4/21,449,0.537375258,33560,1,65,XY_Male,1/2/21,Male,XY,0.697,30,Data_04-13-2021_Bassiana.exp.2,0.008267312
62,88,12/4/21,449,0.471805046,37760,1,65,XY_Male,1/2/21,Male,XY,0.697,30,Data_04-13-2021_Bassiana.exp.2,0.007258539
63,89,12/4/21,449,0.694330934,41960,1,65,XY_Male,1/2/21,Male,XY,0.697,30,Data_04-13-2021_Bassiana.exp.2,0.010682014
64,94,12/4/21,453,0.598514867,10400,2,65,XX_Male,7/2/21,Male,XX,0.589,28,Data_04-13-2021_Bassiana_Mux2.exp.5,0.009207921
65,95,12/4/21,453,0.612560643,14430,2,65,XX_Male,7/2/21,Male,XX,0.589,28,Data_04-13-2021_Bassiana_Mux2.exp.5,0.00942401
66,96,12/4/21,453,0.635086494,18650,2,65,XX_Male,7/2/21,Male,XX,0.589,28,Data_04-13-2021_Bassiana_Mux2.exp.5,0.009770561
67,97,12/4/21,453,0.610141994,22850,2,65,XX_Male,7/2/21,Male,XX,0.589,28,Data_04-13-2021_Bassiana_Mux2.exp.5,0.0093868
68,98,12/4/21,453,0.578589682,27050,2,65,XX_Male,7/2/21,Male,XX,0.589,28,Data_04-13-2021_Bassiana_Mux2.exp.5,0.00890138
69,99,12/4/21,453,0.677989167,31250,2,65,XX_Male,7/2/21,Male,XX,0.589,28,Data_04-13-2021_Bassiana_Mux2.exp.5,0.010430603
70,100,12/4/21,453,0.789141535,35360,2,65,XX_Male,7/2/21,Male,XX,0.589,28,Data_04-13-2021_Bassiana_Mux2.exp.5,0.012140639
71,101,12/4/21,453,0.58273633,39560,2,65,XX_Male,7/2/21,Male,XX,0.589,28,Data_04-13-2021_Bassiana_Mux2.exp.5,0.008965174
72,102,12/4/21,453,0.557656971,43760,2,65,XX_Male,7/2/21,Male,XX,0.589,28,Data_04-13-2021_Bassiana_Mux2.exp.5,0.008579338
73,107,12/4/21,461,0.939521135,9800,2,65,XY_Male,6/2/21,Male,XY,0.719,33,Data_04-13-2021_Bassiana_Mux2.exp.4,0.014454171
74,108,12/4/21,461,0.933898613,13830,2,65,XY_Male,6/2/21,Male,XY,0.719,33,Data_04-13-2021_Bassiana_Mux2.exp.4,0.014367671
75,109,12/4/21,461,0.921150487,18050,2,65,XY_Male,6/2/21,Male,XY,0.719,33,Data_04-13-2021_Bassiana_Mux2.exp.4,0.014171546
76,110,12/4/21,461,0.85974015,22250,2,65,XY_Male,6/2/21,Male,XY,0.719,33,Data_04-13-2021_Bassiana_Mux2.exp.4,0.013226772
77,111,12/4/21,461,0.762222272,26450,2,65,XY_Male,6/2/21,Male,XY,0.719,33,Data_04-13-2021_Bassiana_Mux2.exp.4,0.011726496
78,112,12/4/21,461,0.652236677,30650,2,65,XY_Male,6/2/21,Male,XY,0.719,33,Data_04-13-2021_Bassiana_Mux2.exp.4,0.01003441
79,113,12/4/21,461,0.55656778,34760,2,65,XY_Male,6/2/21,Male,XY,0.719,33,Data_04-13-2021_Bassiana_Mux2.exp.4,0.008562581
80,114,12/4/21,461,0.519046361,38960,2,65,XY_Male,6/2/21,Male,XY,0.719,33,Data_04-13-2021_Bassiana_Mux2.exp.4,0.007985329
81,115,12/4/21,461,0.832185476,43160,2,65,XY_Male,6/2/21,Male,XY,0.719,33,Data_04-13-2021_Bassiana_Mux2.exp.4,0.012802853
82,120,12/4/21,462,0.854335957,11000,1,65,XX_Male,6/2/21,Male,XX,0.663,30,Data_04-13-2021_Bassiana.exp.6,0.01314363
83,121,12/4/21,462,0.898206356,15030,1,65,XX_Male,6/2/21,Male,XX,0.663,30,Data_04-13-2021_Bassiana.exp.6,0.013818559
84,122,12/4/21,462,0.902789861,19250,1,65,XX_Male,6/2/21,Male,XX,0.663,30,Data_04-13-2021_Bassiana.exp.6,0.013889075
85,123,12/4/21,462,0.899768911,23450,1,65,XX_Male,6/2/21,Male,XX,0.663,30,Data_04-13-2021_Bassiana.exp.6,0.013842599
86,124,12/4/21,462,0.911090298,27650,1,65,XX_Male,6/2/21,Male,XX,0.663,30,Data_04-13-2021_Bassiana.exp.6,0.014016774
87,125,12/4/21,462,0.960596647,31850,1,65,XX_Male,6/2/21,Male,XX,0.663,30,Data_04-13-2021_Bassiana.exp.6,0.01477841
88,126,12/4/21,462,1.349302584,35960,1,65,XX_Male,6/2/21,Male,XX,0.663,30,Data_04-13-2021_Bassiana.exp.6,0.020758501
89,127,12/4/21,462,1.286566252,40160,1,65,XX_Male,6/2/21,Male,XX,0.663,30,Data_04-13-2021_Bassiana.exp.6,0.019793327
90,128,12/4/21,462,1.523323586,44360,1,65,XX_Male,6/2/21,Male,XX,0.663,30,Data_04-13-2021_Bassiana.exp.6,0.023435747
91,133,12/4/21,464,1.178248694,8600,2,65,XX_Female,6/2/21,Female,XX,0.678,30,Data_04-13-2021_Bassiana_Mux2.exp.2,0.018126903
92,134,12/4/21,464,1.116798769,12630,2,65,XX_Female,6/2/21,Female,XX,0.678,30,Data_04-13-2021_Bassiana_Mux2.exp.2,0.01718152
93,135,12/4/21,464,1.096041237,16850,2,65,XX_Female,6/2/21,Female,XX,0.678,30,Data_04-13-2021_Bassiana_Mux2.exp.2,0.016862173
94,136,12/4/21,464,1.02902302,21050,2,65,XX_Female,6/2/21,Female,XX,0.678,30,Data_04-13-2021_Bassiana_Mux2.exp.2,0.015831123
95,137,12/4/21,464,1.076382711,25250,2,65,XX_Female,6/2/21,Female,XX,0.678,30,Data_04-13-2021_Bassiana_Mux2.exp.2,0.016559734
96,138,12/4/21,464,1.378912722,29450,2,65,XX_Female,6/2/21,Female,XX,0.678,30,Data_04-13-2021_Bassiana_Mux2.exp.2,0.021214042
97,139,12/4/21,464,1.627234728,33560,2,65,XX_Female,6/2/21,Female,XX,0.678,30,Data_04-13-2021_Bassiana_Mux2.exp.2,0.02503438
98,140,12/4/21,464,1.519090116,37760,2,65,XX_Female,6/2/21,Female,XX,0.678,30,Data_04-13-2021_Bassiana_Mux2.exp.2,0.023370617
99,141,12/4/21,464,1.465258257,41960,2,65,XX_Female,6/2/21,Female,XX,0.678,30,Data_04-13-2021_Bassiana_Mux2.exp.2,0.022542435
100,146,12/4/21,469,1.747514308,11600,2,65,XX_Female,6/2/21,Female,XX,0.835,33,Data_04-13-2021_Bassiana_Mux2.exp.7,0.026884836
101,147,12/4/21,469,1.669040981,15650,2,65,XX_Female,6/2/21,Female,XX,0.835,33,Data_04-13-2021_Bassiana_Mux2.exp.7,0.025677554
102,148,12/4/21,469,1.521506303,19850,2,65,XX_Female,6/2/21,Female,XX,0.835,33,Data_04-13-2021_Bassiana_Mux2.exp.7,0.023407789
103,149,12/4/21,469,1.418409928,24050,2,65,XX_Female,6/2/21,Female,XX,0.835,33,Data_04-13-2021_Bassiana_Mux2.exp.7,0.021821691
104,150,12/4/21,469,1.247972559,28250,2,65,XX_Female,6/2/21,Female,XX,0.835,33,Data_04-13-2021_Bassiana_Mux2.exp.7,0.019199578
105,151,12/4/21,469,1.156063305,32450,2,65,XX_Female,6/2/21,Female,XX,0.835,33,Data_04-13-2021_Bassiana_Mux2.exp.7,0.017785589
106,152,12/4/21,469,1.058621741,36560,2,65,XX_Female,6/2/21,Female,XX,0.835,33,Data_04-13-2021_Bassiana_Mux2.exp.7,0.016286488
107,153,12/4/21,469,1.02484946,40760,2,65,XX_Female,6/2/21,Female,XX,0.835,33,Data_04-13-2021_Bassiana_Mux2.exp.7,0.015766915
108,154,12/4/21,469,1.021782772,44960,2,65,XX_Female,6/2/21,Female,XX,0.835,33,Data_04-13-2021_Bassiana_Mux2.exp.7,0.015719735
109,159,12/4/21,476,1.354754129,11600,1,65,XX_Female,2/2/21,Female,XX,0.716,30,Data_04-13-2021_Bassiana.exp.7,0.020842371
110,160,12/4/21,476,1.310275526,15650,1,65,XX_Female,2/2/21,Female,XX,0.716,30,Data_04-13-2021_Bassiana.exp.7,0.020158085
111,161,12/4/21,476,1.252081007,19850,1,65,XX_Female,2/2/21,Female,XX,0.716,30,Data_04-13-2021_Bassiana.exp.7,0.019262785
112,162,12/4/21,476,1.052464453,24050,1,65,XX_Female,2/2/21,Female,XX,0.716,30,Data_04-13-2021_Bassiana.exp.7,0.016191761
113,163,12/4/21,476,0.905870752,28250,1,65,XX_Female,2/2/21,Female,XX,0.716,30,Data_04-13-2021_Bassiana.exp.7,0.013936473
114,164,12/4/21,476,0.773342637,32450,1,65,XX_Female,2/2/21,Female,XX,0.716,30,Data_04-13-2021_Bassiana.exp.7,0.011897579
115,165,12/4/21,476,0.718310881,36560,1,65,XX_Female,2/2/21,Female,XX,0.716,30,Data_04-13-2021_Bassiana.exp.7,0.011050937
116,166,12/4/21,476,0.708710844,40760,1,65,XX_Female,2/2/21,Female,XX,0.716,30,Data_04-13-2021_Bassiana.exp.7,0.010903244
117,167,12/4/21,476,0.780980439,44960,1,65,XX_Female,2/2/21,Female,XX,0.716,30,Data_04-13-2021_Bassiana.exp.7,0.012015084
118,172,12/4/21,478,1.021388477,9200,2,65,XX_Female,2/2/21,Female,XX,0.695,33,Data_04-13-2021_Bassiana_Mux2.exp.3,0.015713669
119,173,12/4/21,478,0.919348725,13230,2,65,XX_Female,2/2/21,Female,XX,0.695,33,Data_04-13-2021_Bassiana_Mux2.exp.3,0.014143827
120,174,12/4/21,478,0.823003417,17450,2,65,XX_Female,2/2/21,Female,XX,0.695,33,Data_04-13-2021_Bassiana_Mux2.exp.3,0.012661591
121,175,12/4/21,478,0.706089887,21650,2,65,XX_Female,2/2/21,Female,XX,0.695,33,Data_04-13-2021_Bassiana_Mux2.exp.3,0.010862921
122,176,12/4/21,478,0.656843775,25850,2,65,XX_Female,2/2/21,Female,XX,0.695,33,Data_04-13-2021_Bassiana_Mux2.exp.3,0.010105289
123,177,12/4/21,478,0.631517625,30050,2,65,XX_Female,2/2/21,Female,XX,0.695,33,Data_04-13-2021_Bassiana_Mux2.exp.3,0.009715656
124,178,12/4/21,478,0.618890606,34160,2,65,XX_Female,2/2/21,Female,XX,0.695,33,Data_04-13-2021_Bassiana_Mux2.exp.3,0.009521394
125,179,12/4/21,478,0.601521945,38360,2,65,XX_Female,2/2/21,Female,XX,0.695,33,Data_04-13-2021_Bassiana_Mux2.exp.3,0.009254184
126,180,12/4/21,478,0.611600744,42560,2,65,XX_Female,2/2/21,Female,XX,0.695,33,Data_04-13-2021_Bassiana_Mux2.exp.3,0.009409242
127,185,13/4/21,418,0.748735438,9800,2,65,XX_Female,6/2/21,Female,XX,0.974,32,Data_04-14-2021_Bassiana_Mux2.exp.4,0.011519007
128,186,13/4/21,418,0.649838763,13830,2,65,XX_Female,6/2/21,Female,XX,0.974,32,Data_04-14-2021_Bassiana_Mux2.exp.4,0.009997519
129,187,13/4/21,418,0.579593815,18050,2,65,XX_Female,6/2/21,Female,XX,0.974,32,Data_04-14-2021_Bassiana_Mux2.exp.4,0.008916828
130,188,13/4/21,418,0.516176355,22250,2,65,XX_Female,6/2/21,Female,XX,0.974,32,Data_04-14-2021_Bassiana_Mux2.exp.4,0.007941175
131,189,13/4/21,418,0.474432858,26450,2,65,XX_Female,6/2/21,Female,XX,0.974,32,Data_04-14-2021_Bassiana_Mux2.exp.4,0.007298967
132,190,13/4/21,418,0.451553353,30650,2,65,XX_Female,6/2/21,Female,XX,0.974,32,Data_04-14-2021_Bassiana_Mux2.exp.4,0.006946975
133,191,13/4/21,418,0.429333195,34760,2,65,XX_Female,6/2/21,Female,XX,0.974,32,Data_04-14-2021_Bassiana_Mux2.exp.4,0.006605126
134,192,13/4/21,418,0.427362937,38960,2,65,XX_Female,6/2/21,Female,XX,0.974,32,Data_04-14-2021_Bassiana_Mux2.exp.4,0.006574814
135,193,13/4/21,418,0.404887287,43160,2,65,XX_Female,6/2/21,Female,XX,0.974,32,Data_04-14-2021_Bassiana_Mux2.exp.4,0.006229035
136,198,13/4/21,424,1.010017889,9200,1,65,XX_Male,8/2/21,Male,XX,0.846,34,Data_04-14-2021_Bassiana.exp.3,0.015538737
137,199,13/4/21,424,0.940281866,13230,1,65,XX_Male,8/2/21,Male,XX,0.846,34,Data_04-14-2021_Bassiana.exp.3,0.014465875
138,200,13/4/21,424,0.927491553,17450,1,65,XX_Male,8/2/21,Male,XX,0.846,34,Data_04-14-2021_Bassiana.exp.3,0.014269101
139,201,13/4/21,424,0.894954465,21650,1,65,XX_Male,8/2/21,Male,XX,0.846,34,Data_04-14-2021_Bassiana.exp.3,0.01376853
140,202,13/4/21,424,0.858558717,25850,1,65,XX_Male,8/2/21,Male,XX,0.846,34,Data_04-14-2021_Bassiana.exp.3,0.013208596
141,203,13/4/21,424,0.841448751,30050,1,65,XX_Male,8/2/21,Male,XX,0.846,34,Data_04-14-2021_Bassiana.exp.3,0.012945365
142,204,13/4/21,424,0.829962658,34160,1,65,XX_Male,8/2/21,Male,XX,0.846,34,Data_04-14-2021_Bassiana.exp.3,0.012768656
143,205,13/4/21,424,1.016593969,38360,1,65,XX_Male,8/2/21,Male,XX,0.846,34,Data_04-14-2021_Bassiana.exp.3,0.015639907
144,206,13/4/21,424,2.359615853,42560,1,65,XX_Male,8/2/21,Male,XX,0.846,34,Data_04-14-2021_Bassiana.exp.3,0.036301782
145,211,13/4/21,444,0.536343068,8600,1,65,XY_Male,1/2/21,Male,XY,0.648,31,Data_04-14-2021_Bassiana.exp.2,0.008251432
146,212,13/4/21,444,0.476395843,12630,1,65,XY_Male,1/2/21,Male,XY,0.648,31,Data_04-14-2021_Bassiana.exp.2,0.007329167
147,213,13/4/21,444,0.467167967,16850,1,65,XY_Male,1/2/21,Male,XY,0.648,31,Data_04-14-2021_Bassiana.exp.2,0.007187199
148,214,13/4/21,444,0.435943958,21050,1,65,XY_Male,1/2/21,Male,XY,0.648,31,Data_04-14-2021_Bassiana.exp.2,0.00670683
149,215,13/4/21,444,0.409594321,25250,1,65,XY_Male,1/2/21,Male,XY,0.648,31,Data_04-14-2021_Bassiana.exp.2,0.006301451
150,216,13/4/21,444,0.399761264,29450,1,65,XY_Male,1/2/21,Male,XY,0.648,31,Data_04-14-2021_Bassiana.exp.2,0.006150173
151,217,13/4/21,444,0.394564027,33560,1,65,XY_Male,1/2/21,Male,XY,0.648,31,Data_04-14-2021_Bassiana.exp.2,0.006070216
152,218,13/4/21,444,0.383539187,37760,1,65,XY_Male,1/2/21,Male,XY,0.648,31,Data_04-14-2021_Bassiana.exp.2,0.005900603
153,219,13/4/21,444,0.373736518,41960,1,65,XY_Male,1/2/21,Male,XY,0.648,31,Data_04-14-2021_Bassiana.exp.2,0.005749793
154,224,13/4/21,473,1.292066398,9800,1,65,XX_Female,6/2/21,Female,XX,0.861,33,Data_04-14-2021_Bassiana.exp.4,0.019877945
155,225,13/4/21,473,1.193060852,13830,1,65,XX_Female,6/2/21,Female,XX,0.861,33,Data_04-14-2021_Bassiana.exp.4,0.018354782
156,226,13/4/21,473,1.135176961,18050,1,65,XX_Female,6/2/21,Female,XX,0.861,33,Data_04-14-2021_Bassiana.exp.4,0.017464261
157,227,13/4/21,473,1.086864846,22250,1,65,XX_Female,6/2/21,Female,XX,0.861,33,Data_04-14-2021_Bassiana.exp.4,0.016720998
158,228,13/4/21,473,1.078415892,26450,1,65,XX_Female,6/2/21,Female,XX,0.861,33,Data_04-14-2021_Bassiana.exp.4,0.016591014
159,229,13/4/21,473,1.058203412,30650,1,65,XX_Female,6/2/21,Female,XX,0.861,33,Data_04-14-2021_Bassiana.exp.4,0.016280052
160,230,13/4/21,473,1.012152882,34760,1,65,XX_Female,6/2/21,Female,XX,0.861,33,Data_04-14-2021_Bassiana.exp.4,0.015571583
161,231,13/4/21,473,1.053681434,38960,1,65,XX_Female,6/2/21,Female,XX,0.861,33,Data_04-14-2021_Bassiana.exp.4,0.016210484
162,232,13/4/21,473,2.001769551,43160,1,65,XX_Female,6/2/21,Female,XX,0.861,33,Data_04-14-2021_Bassiana.exp.4,0.030796455
163,237,13/4/21,508,1.05185814,10400,1,65,XX_Female,,Female,XX,0.685,33,Data_04-14-2021_Bassiana.exp.5,0.016182433
164,238,13/4/21,508,0.977782368,14430,1,65,XX_Female,,Female,XX,0.685,33,Data_04-14-2021_Bassiana.exp.5,0.015042806
165,239,13/4/21,508,0.85122039,18650,1,65,XX_Female,,Female,XX,0.685,33,Data_04-14-2021_Bassiana.exp.5,0.013095698
166,240,13/4/21,508,0.792549444,22850,1,65,XX_Female,,Female,XX,0.685,33,Data_04-14-2021_Bassiana.exp.5,0.012193068
167,241,13/4/21,508,0.948357742,27050,1,65,XX_Female,,Female,XX,0.685,33,Data_04-14-2021_Bassiana.exp.5,0.014590119
168,242,13/4/21,508,1.276073682,31250,1,65,XX_Female,,Female,XX,0.685,33,Data_04-14-2021_Bassiana.exp.5,0.019631903
169,243,13/4/21,508,1.557868231,35360,1,65,XX_Female,,Female,XX,0.685,33,Data_04-14-2021_Bassiana.exp.5,0.023967204
170,244,13/4/21,508,1.683007536,39560,1,65,XX_Female,,Female,XX,0.685,33,Data_04-14-2021_Bassiana.exp.5,0.025892424
171,245,13/4/21,508,1.878695175,43760,1,65,XX_Female,,Female,XX,0.685,33,Data_04-14-2021_Bassiana.exp.5,0.028903003
172,250,13/4/21,512,0.845958178,11600,1,65,XX_Female,,Female,XX,0.767,32,Data_04-14-2021_Bassiana.exp.7,0.013014741
173,251,13/4/21,512,0.84991822,15650,1,65,XX_Female,,Female,XX,0.767,32,Data_04-14-2021_Bassiana.exp.7,0.013075665
174,252,13/4/21,512,0.822654454,19850,1,65,XX_Female,,Female,XX,0.767,32,Data_04-14-2021_Bassiana.exp.7,0.012656222
175,253,13/4/21,512,0.807708138,24050,1,65,XX_Female,,Female,XX,0.767,32,Data_04-14-2021_Bassiana.exp.7,0.012426279
176,254,13/4/21,512,0.807271869,28250,1,65,XX_Female,,Female,XX,0.767,32,Data_04-14-2021_Bassiana.exp.7,0.012419567
177,255,13/4/21,512,0.8264075,32450,1,65,XX_Female,,Female,XX,0.767,32,Data_04-14-2021_Bassiana.exp.7,0.012713962
178,256,13/4/21,512,0.846009561,36560,1,65,XX_Female,,Female,XX,0.767,32,Data_04-14-2021_Bassiana.exp.7,0.013015532
179,257,13/4/21,512,2.04946374,40760,1,65,XX_Female,,Female,XX,0.767,32,Data_04-14-2021_Bassiana.exp.7,0.031530211
180,262,13/4/21,513,0.574952892,11000,2,65,XX_Male,,Male,XX,0.753,30,Data_04-14-2021_Bassiana_Mux2.exp.6,0.008845429
181,263,13/4/21,513,0.562378203,15030,2,65,XX_Male,,Male,XX,0.753,30,Data_04-14-2021_Bassiana_Mux2.exp.6,0.008651972
182,264,13/4/21,513,0.464082218,19250,2,65,XX_Male,,Male,XX,0.753,30,Data_04-14-2021_Bassiana_Mux2.exp.6,0.007139726
183,265,13/4/21,513,0.606063094,23450,2,65,XX_Male,,Male,XX,0.753,30,Data_04-14-2021_Bassiana_Mux2.exp.6,0.009324048
184,266,13/4/21,513,0.444126531,27650,2,65,XX_Male,,Male,XX,0.753,30,Data_04-14-2021_Bassiana_Mux2.exp.6,0.006832716
185,267,13/4/21,513,0.621503165,31850,2,65,XX_Male,,Male,XX,0.753,30,Data_04-14-2021_Bassiana_Mux2.exp.6,0.009561587
186,268,13/4/21,513,0.423811303,35960,2,65,XX_Male,,Male,XX,0.753,30,Data_04-14-2021_Bassiana_Mux2.exp.6,0.006520174
187,269,13/4/21,513,0.405048264,40160,2,65,XX_Male,,Male,XX,0.753,30,Data_04-14-2021_Bassiana_Mux2.exp.6,0.006231512
188,270,13/4/21,513,0.413118998,44360,2,65,XX_Male,,Male,XX,0.753,30,Data_04-14-2021_Bassiana_Mux2.exp.6,0.006355677
189,275,13/4/21,562,0.627011617,12200,2,65,XY_Male,,Male,XY,0.863,31,Data_04-14-2021_Bassiana_Mux2.exp.8,0.009646333
190,276,13/4/21,562,0.656949154,16250,2,65,XY_Male,,Male,XY,0.863,31,Data_04-14-2021_Bassiana_Mux2.exp.8,0.01010691
191,277,13/4/21,562,0.715802075,20450,2,65,XY_Male,,Male,XY,0.863,31,Data_04-14-2021_Bassiana_Mux2.exp.8,0.01101234
192,278,13/4/21,562,0.74107835,24650,2,65,XY_Male,,Male,XY,0.863,31,Data_04-14-2021_Bassiana_Mux2.exp.8,0.011401205
193,279,13/4/21,562,0.718694969,28850,2,65,XY_Male,,Male,XY,0.863,31,Data_04-14-2021_Bassiana_Mux2.exp.8,0.011056846
194,280,13/4/21,562,0.760506899,33050,2,65,XY_Male,,Male,XY,0.863,31,Data_04-14-2021_Bassiana_Mux2.exp.8,0.011700106
195,281,13/4/21,562,0.676350135,37160,2,65,XY_Male,,Male,XY,0.863,31,Data_04-14-2021_Bassiana_Mux2.exp.8,0.010405387
196,282,13/4/21,562,0.613189814,41360,2,65,XY_Male,,Male,XY,0.863,31,Data_04-14-2021_Bassiana_Mux2.exp.8,0.009433689
197,287,13/4/21,565,0.721024728,11000,1,65,XX_Male,,Male,XX,0.636,31,Data_04-14-2021_Bassiana.exp.6,0.011092688
198,288,13/4/21,565,0.720293601,15030,1,65,XX_Male,,Male,XX,0.636,31,Data_04-14-2021_Bassiana.exp.6,0.01108144
199,289,13/4/21,565,0.715701398,19250,1,65,XX_Male,,Male,XX,0.636,31,Data_04-14-2021_Bassiana.exp.6,0.011010791
200,290,13/4/21,565,0.695854395,23450,1,65,XX_Male,,Male,XX,0.636,31,Data_04-14-2021_Bassiana.exp.6,0.010705452
201,291,13/4/21,565,0.690041292,27650,1,65,XX_Male,,Male,XX,0.636,31,Data_04-14-2021_Bassiana.exp.6,0.01061602
202,292,13/4/21,565,0.693942506,31850,1,65,XX_Male,,Male,XX,0.636,31,Data_04-14-2021_Bassiana.exp.6,0.010676039
203,293,13/4/21,565,0.677882591,35960,1,65,XX_Male,,Male,XX,0.636,31,Data_04-14-2021_Bassiana.exp.6,0.010428963
204,294,13/4/21,565,0.68094391,40160,1,65,XX_Male,,Male,XX,0.636,31,Data_04-14-2021_Bassiana.exp.6,0.01047606
205,295,13/4/21,565,0.672564127,44360,1,65,XX_Male,,Male,XX,0.636,31,Data_04-14-2021_Bassiana.exp.6,0.01034714
206,300,13/4/21,566,0.65316799,9200,2,65,XY_Male,,Male,XY,0.75,33,Data_04-14-2021_Bassiana_Mux2.exp.3,0.010048738
207,301,13/4/21,566,0.603785624,13230,2,65,XY_Male,,Male,XY,0.75,33,Data_04-14-2021_Bassiana_Mux2.exp.3,0.00928901
208,302,13/4/21,566,0.572680794,17450,2,65,XY_Male,,Male,XY,0.75,33,Data_04-14-2021_Bassiana_Mux2.exp.3,0.008810474
209,303,13/4/21,566,0.578423908,21650,2,65,XY_Male,,Male,XY,0.75,33,Data_04-14-2021_Bassiana_Mux2.exp.3,0.008898829
210,304,13/4/21,566,0.576489613,25850,2,65,XY_Male,,Male,XY,0.75,33,Data_04-14-2021_Bassiana_Mux2.exp.3,0.008869071
211,305,13/4/21,566,0.667121505,30050,2,65,XY_Male,,Male,XY,0.75,33,Data_04-14-2021_Bassiana_Mux2.exp.3,0.010263408
212,306,13/4/21,566,0.664470017,34160,2,65,XY_Male,,Male,XY,0.75,33,Data_04-14-2021_Bassiana_Mux2.exp.3,0.010222616
213,307,13/4/21,566,0.694412909,38360,2,65,XY_Male,,Male,XY,0.75,33,Data_04-14-2021_Bassiana_Mux2.exp.3,0.010683276
214,308,13/4/21,566,0.63936009,42560,2,65,XY_Male,,Male,XY,0.75,33,Data_04-14-2021_Bassiana_Mux2.exp.3,0.009836309
215,313,13/4/21,576,0.556646116,8600,2,65,XY_Male,,Male,XY,0.787,31,Data_04-14-2021_Bassiana_Mux2.exp.2,0.008563786
216,314,13/4/21,576,0.525181761,12630,2,65,XY_Male,,Male,XY,0.787,31,Data_04-14-2021_Bassiana_Mux2.exp.2,0.008079719
217,315,13/4/21,576,1.345568475,16850,2,65,XY_Male,,Male,XY,0.787,31,Data_04-14-2021_Bassiana_Mux2.exp.2,0.020701053
218,316,13/4/21,576,1.136461114,21050,2,65,XY_Male,,Male,XY,0.787,31,Data_04-14-2021_Bassiana_Mux2.exp.2,0.017484017
219,317,13/4/21,576,0.581972012,25250,2,65,XY_Male,,Male,XY,0.787,31,Data_04-14-2021_Bassiana_Mux2.exp.2,0.008953416
220,318,13/4/21,576,0.512632981,29450,2,65,XY_Male,,Male,XY,0.787,31,Data_04-14-2021_Bassiana_Mux2.exp.2,0.007886661
221,319,13/4/21,576,0.485697548,33560,2,65,XY_Male,,Male,XY,0.787,31,Data_04-14-2021_Bassiana_Mux2.exp.2,0.00747227
222,320,13/4/21,576,0.463292186,37760,2,65,XY_Male,,Male,XY,0.787,31,Data_04-14-2021_Bassiana_Mux2.exp.2,0.007127572
223,321,13/4/21,576,0.458164605,41960,2,65,XY_Male,,Male,XY,0.787,31,Data_04-14-2021_Bassiana_Mux2.exp.2,0.007048686
224,326,13/4/21,579,0.410260156,10400,2,65,XX_Male,,Male,XX,0.579,30,Data_04-14-2021_Bassiana_Mux2.exp.5,0.006311695
225,327,13/4/21,579,0.404106868,14430,2,65,XX_Male,,Male,XX,0.579,30,Data_04-14-2021_Bassiana_Mux2.exp.5,0.006217029
226,328,13/4/21,579,0.39241774,18650,2,65,XX_Male,,Male,XX,0.579,30,Data_04-14-2021_Bassiana_Mux2.exp.5,0.006037196
227,329,13/4/21,579,0.379877554,22850,2,65,XX_Male,,Male,XX,0.579,30,Data_04-14-2021_Bassiana_Mux2.exp.5,0.00584427
228,330,13/4/21,579,0.403366001,27050,2,65,XX_Male,,Male,XX,0.579,30,Data_04-14-2021_Bassiana_Mux2.exp.5,0.006205631
229,331,13/4/21,579,0.664776729,31250,2,65,XX_Male,,Male,XX,0.579,30,Data_04-14-2021_Bassiana_Mux2.exp.5,0.010227334
230,332,13/4/21,579,0.502574485,35360,2,65,XX_Male,,Male,XX,0.579,30,Data_04-14-2021_Bassiana_Mux2.exp.5,0.007731915
231,333,13/4/21,579,0.471418275,39560,2,65,XX_Male,,Male,XX,0.579,30,Data_04-14-2021_Bassiana_Mux2.exp.5,0.007252589
232,334,13/4/21,579,0.497857522,43760,2,65,XX_Male,,Male,XX,0.579,30,Data_04-14-2021_Bassiana_Mux2.exp.5,0.007659346
233,339,13/4/21,580,1.563893244,12200,1,65,XX_Female,,Female,XX,0.896,34,Data_04-14-2021_Bassiana.exp.8,0.024059896
234,340,13/4/21,580,1.425328058,16250,1,65,XX_Female,,Female,XX,0.896,34,Data_04-14-2021_Bassiana.exp.8,0.021928124
235,341,13/4/21,580,1.282770185,20450,1,65,XX_Female,,Female,XX,0.896,34,Data_04-14-2021_Bassiana.exp.8,0.019734926
236,342,13/4/21,580,1.165214218,24650,1,65,XX_Female,,Female,XX,0.896,34,Data_04-14-2021_Bassiana.exp.8,0.017926373
237,343,13/4/21,580,1.084851838,28850,1,65,XX_Female,,Female,XX,0.896,34,Data_04-14-2021_Bassiana.exp.8,0.016690028
238,344,13/4/21,580,1.146592516,33050,1,65,XX_Female,,Female,XX,0.896,34,Data_04-14-2021_Bassiana.exp.8,0.017639885
239,345,13/4/21,580,1.970354121,37160,1,65,XX_Female,,Female,XX,0.896,34,Data_04-14-2021_Bassiana.exp.8,0.03031314
240,346,13/4/21,580,1.820013293,41360,1,65,XX_Female,,Female,XX,0.896,34,Data_04-14-2021_Bassiana.exp.8,0.028000205
241,351,13/4/21,589,0.400833906,11600,2,65,XX_Female,,Female,XX,0.589,29,Data_04-14-2021_Bassiana_Mux2.exp.7,0.006166675
242,352,13/4/21,589,0.403433933,15650,2,65,XX_Female,,Female,XX,0.589,29,Data_04-14-2021_Bassiana_Mux2.exp.7,0.006206676
243,353,13/4/21,589,0.390118201,19850,2,65,XX_Female,,Female,XX,0.589,29,Data_04-14-2021_Bassiana_Mux2.exp.7,0.006001818
244,354,13/4/21,589,0.383157088,24050,2,65,XX_Female,,Female,XX,0.589,29,Data_04-14-2021_Bassiana_Mux2.exp.7,0.005894724
245,355,13/4/21,589,0.369544512,28250,2,65,XX_Female,,Female,XX,0.589,29,Data_04-14-2021_Bassiana_Mux2.exp.7,0.0056853
246,356,13/4/21,589,0.370549278,32450,2,65,XX_Female,,Female,XX,0.589,29,Data_04-14-2021_Bassiana_Mux2.exp.7,0.005700758
247,357,13/4/21,589,0.37063776,36560,2,65,XX_Female,,Female,XX,0.589,29,Data_04-14-2021_Bassiana_Mux2.exp.7,0.005702119
248,358,13/4/21,589,0.365828379,40760,2,65,XX_Female,,Female,XX,0.589,29,Data_04-14-2021_Bassiana_Mux2.exp.7,0.005628129
249,363,15/3/21,424,0.491782825,9200,1,65,XX_Male,8/2/21,Male,XX,0.674,29,Data_03-16-2021_Bassiana.exp.3,0.00756589
250,364,15/3/21,424,0.554778541,13375,1,65,XX_Male,8/2/21,Male,XX,0.674,29,Data_03-16-2021_Bassiana.exp.3,0.008535054
251,365,15/3/21,424,0.550420382,17450,1,65,XX_Male,8/2/21,Male,XX,0.674,29,Data_03-16-2021_Bassiana.exp.3,0.008468006
252,366,15/3/21,424,0.526762823,21650,1,65,XX_Male,8/2/21,Male,XX,0.674,29,Data_03-16-2021_Bassiana.exp.3,0.008104043
253,367,15/3/21,424,0.538053316,25850,1,65,XX_Male,8/2/21,Male,XX,0.674,29,Data_03-16-2021_Bassiana.exp.3,0.008277743
254,368,15/3/21,424,0.551050429,30050,1,65,XX_Male,8/2/21,Male,XX,0.674,29,Data_03-16-2021_Bassiana.exp.3,0.008477699
255,369,15/3/21,424,0.660335139,34160,1,65,XX_Male,8/2/21,Male,XX,0.674,29,Data_03-16-2021_Bassiana.exp.3,0.010159002
256,370,15/3/21,424,0.850886238,38360,1,65,XX_Male,8/2/21,Male,XX,0.674,29,Data_03-16-2021_Bassiana.exp.3,0.013090558
257,371,15/3/21,424,0.818893391,42560,1,65,XX_Male,8/2/21,Male,XX,0.674,29,Data_03-16-2021_Bassiana.exp.3,0.01259836
258,372,15/3/21,424,0.896728933,46600,1,65,XX_Male,8/2/21,Male,XX,0.674,29,Data_03-16-2021_Bassiana.exp.3,0.01379583
259,373,15/3/21,424,0.931904707,50800,1,65,XX_Male,8/2/21,Male,XX,0.674,29,Data_03-16-2021_Bassiana.exp.3,0.014336995
260,378,15/3/21,425_C,0.354085584,7400,1,65,XX_Female,8/2/21,Female,XX,0.518,27,Data_03-16-2021_Bassiana.exp.7,0.005447471
261,379,15/3/21,425_C,0.354085584,7400,1,65,XX_Female,8/2/21,Female,XX,0.518,27,Data_03-16-2021_Bassiana.exp.7,0.005447471
262,380,15/3/21,425_C,0.369892106,11600,1,65,XX_Female,8/2/21,Female,XX,0.518,27,Data_03-16-2021_Bassiana.exp.7,0.005690648
263,381,15/3/21,425_C,0.369892106,11600,1,65,XX_Female,8/2/21,Female,XX,0.518,27,Data_03-16-2021_Bassiana.exp.7,0.005690648
264,382,15/3/21,425_C,0.371987565,15650,1,65,XX_Female,8/2/21,Female,XX,0.518,27,Data_03-16-2021_Bassiana.exp.7,0.005722886
265,383,15/3/21,425_C,0.371987565,15650,1,65,XX_Female,8/2/21,Female,XX,0.518,27,Data_03-16-2021_Bassiana.exp.7,0.005722886
266,384,15/3/21,425_C,0.373485315,19850,1,65,XX_Female,8/2/21,Female,XX,0.518,27,Data_03-16-2021_Bassiana.exp.7,0.005745928
267,385,15/3/21,425_C,0.373485315,19850,1,65,XX_Female,8/2/21,Female,XX,0.518,27,Data_03-16-2021_Bassiana.exp.7,0.005745928
268,386,15/3/21,425_C,0.37696857,24050,1,65,XX_Female,8/2/21,Female,XX,0.518,27,Data_03-16-2021_Bassiana.exp.7,0.005799516
269,387,15/3/21,425_C,0.37696857,24050,1,65,XX_Female,8/2/21,Female,XX,0.518,27,Data_03-16-2021_Bassiana.exp.7,0.005799516
270,388,15/3/21,425_C,0.377384141,28250,1,65,XX_Female,8/2/21,Female,XX,0.518,27,Data_03-16-2021_Bassiana.exp.7,0.00580591
271,389,15/3/21,425_C,0.377384141,28250,1,65,XX_Female,8/2/21,Female,XX,0.518,27,Data_03-16-2021_Bassiana.exp.7,0.00580591
272,390,15/3/21,425_C,0.358526687,32450,1,65,XX_Female,8/2/21,Female,XX,0.518,27,Data_03-16-2021_Bassiana.exp.7,0.005515795
273,391,15/3/21,425_C,0.358526687,32450,1,65,XX_Female,8/2/21,Female,XX,0.518,27,Data_03-16-2021_Bassiana.exp.7,0.005515795
274,392,15/3/21,425_C,0.389305668,36560,1,65,XX_Female,8/2/21,Female,XX,0.518,27,Data_03-16-2021_Bassiana.exp.7,0.005989318
275,393,15/3/21,425_C,0.389305668,36560,1,65,XX_Female,8/2/21,Female,XX,0.518,27,Data_03-16-2021_Bassiana.exp.7,0.005989318
276,394,15/3/21,425_C,0.778976465,40760,1,65,XX_Female,8/2/21,Female,XX,0.518,27,Data_03-16-2021_Bassiana.exp.7,0.011984253
277,395,15/3/21,425_C,0.778976465,40760,1,65,XX_Female,8/2/21,Female,XX,0.518,27,Data_03-16-2021_Bassiana.exp.7,0.011984253
278,396,15/3/21,425_C,0.794687526,44960,1,65,XX_Female,8/2/21,Female,XX,0.518,27,Data_03-16-2021_Bassiana.exp.7,0.012225962
279,397,15/3/21,425_C,0.794687526,44960,1,65,XX_Female,8/2/21,Female,XX,0.518,27,Data_03-16-2021_Bassiana.exp.7,0.012225962
280,398,15/3/21,425_C,0.900868821,49000,1,65,XX_Female,8/2/21,Female,XX,0.518,27,Data_03-16-2021_Bassiana.exp.7,0.01385952
281,399,15/3/21,425_C,0.900868821,49000,1,65,XX_Female,8/2/21,Female,XX,0.518,27,Data_03-16-2021_Bassiana.exp.7,0.01385952
282,400,15/3/21,425_C,0.965561518,53200,1,65,XX_Female,8/2/21,Female,XX,0.518,27,Data_03-16-2021_Bassiana.exp.7,0.014854793
283,401,15/3/21,425_C,0.965561518,53200,1,65,XX_Female,8/2/21,Female,XX,0.518,27,Data_03-16-2021_Bassiana.exp.7,0.014854793
284,406,15/3/21,425_S,0.304033785,9200,2,65,XX_Male,8/2/21,Male,XX,0.528,29,Data_03-16-2021_Bassiana_Mux2.exp.3,0.004677443
285,407,15/3/21,425_S,0.354694512,13230,2,65,XX_Male,8/2/21,Male,XX,0.528,29,Data_03-16-2021_Bassiana_Mux2.exp.3,0.005456839
286,408,15/3/21,425_S,0.33574944,17450,2,65,XX_Male,8/2/21,Male,XX,0.528,29,Data_03-16-2021_Bassiana_Mux2.exp.3,0.005165376
287,409,15/3/21,425_S,0.329507585,21650,2,65,XX_Male,8/2/21,Male,XX,0.528,29,Data_03-16-2021_Bassiana_Mux2.exp.3,0.005069347
288,410,15/3/21,425_S,0.3406302,25850,2,65,XX_Male,8/2/21,Male,XX,0.528,29,Data_03-16-2021_Bassiana_Mux2.exp.3,0.005240465
289,411,15/3/21,425_S,0.324927647,30050,2,65,XX_Male,8/2/21,Male,XX,0.528,29,Data_03-16-2021_Bassiana_Mux2.exp.3,0.004998887
290,412,15/3/21,425_S,0.327117925,34160,2,65,XX_Male,8/2/21,Male,XX,0.528,29,Data_03-16-2021_Bassiana_Mux2.exp.3,0.005032583
291,413,15/3/21,425_S,0.327374291,38360,2,65,XX_Male,8/2/21,Male,XX,0.528,29,Data_03-16-2021_Bassiana_Mux2.exp.3,0.005036528
292,414,15/3/21,425_S,0.568210099,42560,2,65,XX_Male,8/2/21,Male,XX,0.528,29,Data_03-16-2021_Bassiana_Mux2.exp.3,0.008741694
293,415,15/3/21,425_S,0.887079165,46600,2,65,XX_Male,8/2/21,Male,XX,0.528,29,Data_03-16-2021_Bassiana_Mux2.exp.3,0.013647372
294,416,15/3/21,425_S,0.470412662,50800,2,65,XX_Male,8/2/21,Male,XX,0.528,29,Data_03-16-2021_Bassiana_Mux2.exp.3,0.007237118
295,421,15/3/21,427,0.44530754,11600,2,65,XY_Male,8/2/21,Male,XY,0.603,29,Data_03-16-2021_Bassiana_Mux2.exp.7,0.006850885
296,422,15/3/21,427,0.406119382,15650,2,65,XY_Male,8/2/21,Male,XY,0.603,29,Data_03-16-2021_Bassiana_Mux2.exp.7,0.00624799
297,423,15/3/21,427,0.427131246,19850,2,65,XY_Male,8/2/21,Male,XY,0.603,29,Data_03-16-2021_Bassiana_Mux2.exp.7,0.00657125
298,424,15/3/21,427,0.417958371,24050,2,65,XY_Male,8/2/21,Male,XY,0.603,29,Data_03-16-2021_Bassiana_Mux2.exp.7,0.006430129
299,425,15/3/21,427,0.428212573,28250,2,65,XY_Male,8/2/21,Male,XY,0.603,29,Data_03-16-2021_Bassiana_Mux2.exp.7,0.006587886
300,426,15/3/21,427,0.427149932,32450,2,65,XY_Male,8/2/21,Male,XY,0.603,29,Data_03-16-2021_Bassiana_Mux2.exp.7,0.006571537
301,427,15/3/21,427,0.474921648,36560,2,65,XY_Male,8/2/21,Male,XY,0.603,29,Data_03-16-2021_Bassiana_Mux2.exp.7,0.007306487
302,428,15/3/21,427,0.674016362,40760,2,65,XY_Male,8/2/21,Male,XY,0.603,29,Data_03-16-2021_Bassiana_Mux2.exp.7,0.010369482
303,429,15/3/21,427,0.522212511,44960,2,65,XY_Male,8/2/21,Male,XY,0.603,29,Data_03-16-2021_Bassiana_Mux2.exp.7,0.008034039
304,430,15/3/21,427,0.520073273,49100,2,65,XY_Male,8/2/21,Male,XY,0.603,29,Data_03-16-2021_Bassiana_Mux2.exp.7,0.008001127
305,435,15/3/21,447,0.387906215,9800,1,65,XX_Female,1/2/21,Female,XX,0.582,26,Data_03-16-2021_Bassiana.exp.4,0.005967788
306,436,15/3/21,447,0.46256074,13910,1,65,XX_Female,1/2/21,Female,XX,0.582,26,Data_03-16-2021_Bassiana.exp.4,0.007116319
307,437,15/3/21,447,0.486241463,18050,1,65,XX_Female,1/2/21,Female,XX,0.582,26,Data_03-16-2021_Bassiana.exp.4,0.007480638
308,438,15/3/21,447,0.461961723,22250,1,65,XX_Female,1/2/21,Female,XX,0.582,26,Data_03-16-2021_Bassiana.exp.4,0.007107103
309,439,15/3/21,447,0.470646817,26450,1,65,XX_Female,1/2/21,Female,XX,0.582,26,Data_03-16-2021_Bassiana.exp.4,0.00724072
310,440,15/3/21,447,0.458317011,30650,1,65,XX_Female,1/2/21,Female,XX,0.582,26,Data_03-16-2021_Bassiana.exp.4,0.007051031
311,441,15/3/21,447,0.463157271,34760,1,65,XX_Female,1/2/21,Female,XX,0.582,26,Data_03-16-2021_Bassiana.exp.4,0.007125496
312,442,15/3/21,447,0.456984682,38960,1,65,XX_Female,1/2/21,Female,XX,0.582,26,Data_03-16-2021_Bassiana.exp.4,0.007030534
313,443,15/3/21,447,0.442058724,43160,1,65,XX_Female,1/2/21,Female,XX,0.582,26,Data_03-16-2021_Bassiana.exp.4,0.006800903
314,444,15/3/21,447,0.471950408,47200,1,65,XX_Female,1/2/21,Female,XX,0.582,26,Data_03-16-2021_Bassiana.exp.4,0.007260776
315,449,15/3/21,448,0.360113838,8600,2,65,XY_Male,1/2/21,Male,XY,0.622,28,Data_03-16-2021_Bassiana_Mux2.exp.2,0.005540213
316,450,15/3/21,448,0.403613821,12630,2,65,XY_Male,1/2/21,Male,XY,0.622,28,Data_03-16-2021_Bassiana_Mux2.exp.2,0.006209443
317,451,15/3/21,448,0.372399109,16850,2,65,XY_Male,1/2/21,Male,XY,0.622,28,Data_03-16-2021_Bassiana_Mux2.exp.2,0.005729217
318,452,15/3/21,448,0.37128661,21050,2,65,XY_Male,1/2/21,Male,XY,0.622,28,Data_03-16-2021_Bassiana_Mux2.exp.2,0.005712102
319,453,15/3/21,448,0.376184885,25250,2,65,XY_Male,1/2/21,Male,XY,0.622,28,Data_03-16-2021_Bassiana_Mux2.exp.2,0.00578746
320,454,15/3/21,448,0.420907703,29450,2,65,XY_Male,1/2/21,Male,XY,0.622,28,Data_03-16-2021_Bassiana_Mux2.exp.2,0.006475503
321,455,15/3/21,448,0.382309476,33560,2,65,XY_Male,1/2/21,Male,XY,0.622,28,Data_03-16-2021_Bassiana_Mux2.exp.2,0.005881684
322,456,15/3/21,448,0.3858612,37760,2,65,XY_Male,1/2/21,Male,XY,0.622,28,Data_03-16-2021_Bassiana_Mux2.exp.2,0.005936326
323,457,15/3/21,448,0.761815569,41960,2,65,XY_Male,1/2/21,Male,XY,0.622,28,Data_03-16-2021_Bassiana_Mux2.exp.2,0.01172024
324,458,15/3/21,448,0.723607647,46000,2,65,XY_Male,1/2/21,Male,XY,0.622,28,Data_03-16-2021_Bassiana_Mux2.exp.2,0.011132425
325,459,15/3/21,448,0.711975214,50200,2,65,XY_Male,1/2/21,Male,XY,0.622,28,Data_03-16-2021_Bassiana_Mux2.exp.2,0.010953465
326,464,15/3/21,449,0.192155594,8600,1,65,XY_Male,1/2/21,Male,XY,0.476,25,Data_03-16-2021_Bassiana.exp.2,0.00295624
327,465,15/3/21,449,0.250724524,12630,1,65,XY_Male,1/2/21,Male,XY,0.476,25,Data_03-16-2021_Bassiana.exp.2,0.0038573
328,466,15/3/21,449,0.251994807,16850,1,65,XY_Male,1/2/21,Male,XY,0.476,25,Data_03-16-2021_Bassiana.exp.2,0.003876843
329,467,15/3/21,449,0.262468496,21050,1,65,XY_Male,1/2/21,Male,XY,0.476,25,Data_03-16-2021_Bassiana.exp.2,0.004037977
330,468,15/3/21,449,0.250082476,25250,1,65,XY_Male,1/2/21,Male,XY,0.476,25,Data_03-16-2021_Bassiana.exp.2,0.003847423
331,469,15/3/21,449,0.25163402,29450,1,65,XY_Male,1/2/21,Male,XY,0.476,25,Data_03-16-2021_Bassiana.exp.2,0.003871293
332,470,15/3/21,449,0.245605785,33560,1,65,XY_Male,1/2/21,Male,XY,0.476,25,Data_03-16-2021_Bassiana.exp.2,0.003778551
333,471,15/3/21,449,0.246985978,37760,1,65,XY_Male,1/2/21,Male,XY,0.476,25,Data_03-16-2021_Bassiana.exp.2,0.003799784
334,472,15/3/21,449,0.244870977,41960,1,65,XY_Male,1/2/21,Male,XY,0.476,25,Data_03-16-2021_Bassiana.exp.2,0.003767246
335,473,15/3/21,449,0.551626761,46000,1,65,XY_Male,1/2/21,Male,XY,0.476,25,Data_03-16-2021_Bassiana.exp.2,0.008486566
336,474,15/3/21,449,0.431403073,50200,1,65,XY_Male,1/2/21,Male,XY,0.476,25,Data_03-16-2021_Bassiana.exp.2,0.00663697
337,479,15/3/21,453,0.327374169,11000,2,65,XX_Male,7/2/21,Male,XX,0.457,26,Data_03-16-2021_Bassiana_Mux2.exp.6,0.005036526
338,480,15/3/21,453,0.305262611,15030,2,65,XX_Male,7/2/21,Male,XX,0.457,26,Data_03-16-2021_Bassiana_Mux2.exp.6,0.004696348
339,481,15/3/21,453,0.307981273,19250,2,65,XX_Male,7/2/21,Male,XX,0.457,26,Data_03-16-2021_Bassiana_Mux2.exp.6,0.004738173
340,482,15/3/21,453,0.437087924,23450,2,65,XX_Male,7/2/21,Male,XX,0.457,26,Data_03-16-2021_Bassiana_Mux2.exp.6,0.00672443
341,483,15/3/21,453,0.390271981,27650,2,65,XX_Male,7/2/21,Male,XX,0.457,26,Data_03-16-2021_Bassiana_Mux2.exp.6,0.006004184
342,484,15/3/21,453,0.385285076,31850,2,65,XX_Male,7/2/21,Male,XX,0.457,26,Data_03-16-2021_Bassiana_Mux2.exp.6,0.005927463
343,485,15/3/21,453,0.353970213,35960,2,65,XX_Male,7/2/21,Male,XX,0.457,26,Data_03-16-2021_Bassiana_Mux2.exp.6,0.005445696
344,486,15/3/21,453,0.402212024,40160,2,65,XX_Male,7/2/21,Male,XX,0.457,26,Data_03-16-2021_Bassiana_Mux2.exp.6,0.006187877
345,487,15/3/21,453,0.316003956,44360,2,65,XX_Male,7/2/21,Male,XX,0.457,26,Data_03-16-2021_Bassiana_Mux2.exp.6,0.004861599
346,488,15/3/21,453,0.424256018,48400,2,65,XX_Male,7/2/21,Male,XX,0.457,26,Data_03-16-2021_Bassiana_Mux2.exp.6,0.006527016
347,493,15/3/21,461,0.480905227,12200,1,65,XY_Male,6/2/21,Male,XY,0.537,26,Data_03-16-2021_Bassiana.exp.8,0.007398542
348,494,15/3/21,461,0.470083024,16250,1,65,XY_Male,6/2/21,Male,XY,0.537,26,Data_03-16-2021_Bassiana.exp.8,0.007232047
349,495,15/3/21,461,0.473460216,20450,1,65,XY_Male,6/2/21,Male,XY,0.537,26,Data_03-16-2021_Bassiana.exp.8,0.007284003
350,496,15/3/21,461,0.488040858,24650,1,65,XY_Male,6/2/21,Male,XY,0.537,26,Data_03-16-2021_Bassiana.exp.8,0.007508321
351,497,15/3/21,461,0.465627788,28850,1,65,XY_Male,6/2/21,Male,XY,0.537,26,Data_03-16-2021_Bassiana.exp.8,0.007163504
352,498,15/3/21,461,0.443945231,33050,1,65,XY_Male,6/2/21,Male,XY,0.537,26,Data_03-16-2021_Bassiana.exp.8,0.006829927
353,499,15/3/21,461,0.444969688,37160,1,65,XY_Male,6/2/21,Male,XY,0.537,26,Data_03-16-2021_Bassiana.exp.8,0.006845688
354,500,15/3/21,461,0.454243563,41360,1,65,XY_Male,6/2/21,Male,XY,0.537,26,Data_03-16-2021_Bassiana.exp.8,0.006988363
355,501,15/3/21,461,0.454854481,45560,1,65,XY_Male,6/2/21,Male,XY,0.537,26,Data_03-16-2021_Bassiana.exp.8,0.006997761
356,502,15/3/21,461,0.656754062,49600,1,65,XY_Male,6/2/21,Male,XY,0.537,26,Data_03-16-2021_Bassiana.exp.8,0.010103909
357,507,15/3/21,462,0.419950717,11000,1,65,XX_Male,6/2/21,Male,XX,0.591,28,Data_03-16-2021_Bassiana.exp.6,0.00646078
358,508,15/3/21,462,0.4279936,15030,1,65,XX_Male,6/2/21,Male,XX,0.591,28,Data_03-16-2021_Bassiana.exp.6,0.006584517
359,509,15/3/21,462,0.405684047,19250,1,65,XX_Male,6/2/21,Male,XX,0.591,28,Data_03-16-2021_Bassiana.exp.6,0.006241293
360,510,15/3/21,462,0.400923339,23450,1,65,XX_Male,6/2/21,Male,XX,0.591,28,Data_03-16-2021_Bassiana.exp.6,0.006168051
361,511,15/3/21,462,0.41103275,27650,1,65,XX_Male,6/2/21,Male,XX,0.591,28,Data_03-16-2021_Bassiana.exp.6,0.006323581
362,512,15/3/21,462,0.38904134,31850,1,65,XX_Male,6/2/21,Male,XX,0.591,28,Data_03-16-2021_Bassiana.exp.6,0.005985251
363,513,15/3/21,462,0.560499984,35960,1,65,XX_Male,6/2/21,Male,XX,0.591,28,Data_03-16-2021_Bassiana.exp.6,0.008623077
364,514,15/3/21,462,1.021080722,40160,1,65,XX_Male,6/2/21,Male,XX,0.591,28,Data_03-16-2021_Bassiana.exp.6,0.015708934
365,515,15/3/21,462,1.142902974,44360,1,65,XX_Male,6/2/21,Male,XX,0.591,28,Data_03-16-2021_Bassiana.exp.6,0.017583123
366,516,15/3/21,462,1.06541622,48400,1,65,XX_Male,6/2/21,Male,XX,0.591,28,Data_03-16-2021_Bassiana.exp.6,0.016391019
367,521,15/3/21,464,0.233246364,9800,2,65,XX_Female,6/2/21,Female,XX,0.556,26,Data_03-16-2021_Bassiana_Mux2.exp.4,0.003588406
368,522,15/3/21,464,0.272824818,13830,2,65,XX_Female,6/2/21,Female,XX,0.556,26,Data_03-16-2021_Bassiana_Mux2.exp.4,0.004197305
369,523,15/3/21,464,0.265893846,18050,2,65,XX_Female,6/2/21,Female,XX,0.556,26,Data_03-16-2021_Bassiana_Mux2.exp.4,0.004090675
370,524,15/3/21,464,0.25282695,22250,2,65,XX_Female,6/2/21,Female,XX,0.556,26,Data_03-16-2021_Bassiana_Mux2.exp.4,0.003889645
371,525,15/3/21,464,0.260756471,26450,2,65,XX_Female,6/2/21,Female,XX,0.556,26,Data_03-16-2021_Bassiana_Mux2.exp.4,0.004011638
372,526,15/3/21,464,0.251786816,30650,2,65,XX_Female,6/2/21,Female,XX,0.556,26,Data_03-16-2021_Bassiana_Mux2.exp.4,0.003873643
373,527,15/3/21,464,0.262263971,34760,2,65,XX_Female,6/2/21,Female,XX,0.556,26,Data_03-16-2021_Bassiana_Mux2.exp.4,0.00403483
374,528,15/3/21,464,0.263693823,38960,2,65,XX_Female,6/2/21,Female,XX,0.556,26,Data_03-16-2021_Bassiana_Mux2.exp.4,0.004056828
375,529,15/3/21,464,0.300035092,43160,2,65,XX_Female,6/2/21,Female,XX,0.556,26,Data_03-16-2021_Bassiana_Mux2.exp.4,0.004615924
376,530,15/3/21,464,0.363405603,47200,2,65,XX_Female,6/2/21,Female,XX,0.556,26,Data_03-16-2021_Bassiana_Mux2.exp.4,0.005590855
377,535,15/3/21,469,0.351278825,10400,1,65,XX_Female,6/2/21,Female,XX,0.556,28,Data_03-16-2021_Bassiana.exp.5,0.00540429
378,536,15/3/21,469,0.448435253,14430,1,65,XX_Female,6/2/21,Female,XX,0.556,28,Data_03-16-2021_Bassiana.exp.5,0.006899004
379,537,15/3/21,469,0.429487151,18650,1,65,XX_Female,6/2/21,Female,XX,0.556,28,Data_03-16-2021_Bassiana.exp.5,0.006607495
380,538,15/3/21,469,0.426766597,22850,1,65,XX_Female,6/2/21,Female,XX,0.556,28,Data_03-16-2021_Bassiana.exp.5,0.00656564
381,539,15/3/21,469,0.43893028,27050,1,65,XX_Female,6/2/21,Female,XX,0.556,28,Data_03-16-2021_Bassiana.exp.5,0.006752774
382,540,15/3/21,469,0.415969278,31250,1,65,XX_Female,6/2/21,Female,XX,0.556,28,Data_03-16-2021_Bassiana.exp.5,0.006399527
383,541,15/3/21,469,0.41514505,35360,1,65,XX_Female,6/2/21,Female,XX,0.556,28,Data_03-16-2021_Bassiana.exp.5,0.006386847
384,542,15/3/21,469,0.428607347,39560,1,65,XX_Female,6/2/21,Female,XX,0.556,28,Data_03-16-2021_Bassiana.exp.5,0.006593959
385,543,15/3/21,469,0.41413135,43760,1,65,XX_Female,6/2/21,Female,XX,0.556,28,Data_03-16-2021_Bassiana.exp.5,0.006371252
386,544,15/3/21,469,0.556366704,47800,1,65,XX_Female,6/2/21,Female,XX,0.556,28,Data_03-16-2021_Bassiana.exp.5,0.008559488
387,549,15/3/21,476,0.341091438,12200,2,65,XX_Female,2/2/21,Female,XX,0.595,27,Data_03-16-2021_Bassiana_Mux2.exp.8,0.005247561
388,550,15/3/21,476,0.305932811,16250,2,65,XX_Female,2/2/21,Female,XX,0.595,27,Data_03-16-2021_Bassiana_Mux2.exp.8,0.004706659
389,551,15/3/21,476,0.378059589,20450,2,65,XX_Female,2/2/21,Female,XX,0.595,27,Data_03-16-2021_Bassiana_Mux2.exp.8,0.005816301
390,552,15/3/21,476,0.30996435,24650,2,65,XX_Female,2/2/21,Female,XX,0.595,27,Data_03-16-2021_Bassiana_Mux2.exp.8,0.004768682
391,553,15/3/21,476,0.33873211,28850,2,65,XX_Female,2/2/21,Female,XX,0.595,27,Data_03-16-2021_Bassiana_Mux2.exp.8,0.005211263
392,554,15/3/21,476,0.363565414,33050,2,65,XX_Female,2/2/21,Female,XX,0.595,27,Data_03-16-2021_Bassiana_Mux2.exp.8,0.005593314
393,555,15/3/21,476,0.351701986,37160,2,65,XX_Female,2/2/21,Female,XX,0.595,27,Data_03-16-2021_Bassiana_Mux2.exp.8,0.0054108
394,556,15/3/21,476,0.362770544,41360,2,65,XX_Female,2/2/21,Female,XX,0.595,27,Data_03-16-2021_Bassiana_Mux2.exp.8,0.005581085
395,557,15/3/21,476,0.381357609,45560,2,65,XX_Female,2/2/21,Female,XX,0.595,27,Data_03-16-2021_Bassiana_Mux2.exp.8,0.00586704
396,558,15/3/21,476,0.372898413,49600,2,65,XX_Female,2/2/21,Female,XX,0.595,27,Data_03-16-2021_Bassiana_Mux2.exp.8,0.005736899
397,563,15/3/21,478,0.326870899,10400,2,65,XX_Female,2/2/21,Female,XX,0.567,30,Data_03-16-2021_Bassiana_Mux2.exp.5,0.005028783
398,564,15/3/21,478,0.345506844,14430,2,65,XX_Female,2/2/21,Female,XX,0.567,30,Data_03-16-2021_Bassiana_Mux2.exp.5,0.00531549
399,565,15/3/21,478,0.336734517,18650,2,65,XX_Female,2/2/21,Female,XX,0.567,30,Data_03-16-2021_Bassiana_Mux2.exp.5,0.005180531
400,566,15/3/21,478,0.339490934,22850,2,65,XX_Female,2/2/21,Female,XX,0.567,30,Data_03-16-2021_Bassiana_Mux2.exp.5,0.005222937
401,567,15/3/21,478,0.34030818,27050,2,65,XX_Female,2/2/21,Female,XX,0.567,30,Data_03-16-2021_Bassiana_Mux2.exp.5,0.00523551
402,568,15/3/21,478,0.332363169,31250,2,65,XX_Female,2/2/21,Female,XX,0.567,30,Data_03-16-2021_Bassiana_Mux2.exp.5,0.00511328
403,569,15/3/21,478,0.315651446,35360,2,65,XX_Female,2/2/21,Female,XX,0.567,30,Data_03-16-2021_Bassiana_Mux2.exp.5,0.004856176
404,570,15/3/21,478,0.32341006,39560,2,65,XX_Female,2/2/21,Female,XX,0.567,30,Data_03-16-2021_Bassiana_Mux2.exp.5,0.004975539
405,571,15/3/21,478,0.331420785,43760,2,65,XX_Female,2/2/21,Female,XX,0.567,30,Data_03-16-2021_Bassiana_Mux2.exp.5,0.005098781
406,572,15/3/21,478,0.333112346,47800,2,65,XX_Female,2/2/21,Female,XX,0.567,30,Data_03-16-2021_Bassiana_Mux2.exp.5,0.005124805
407,577,22/4/21,416,1.609687059,10400,2,65,XX_Male,7/2/21,Male,XX,0.944,31,Data_04-23-2021_Bassiana_Mux2.exp.5,0.024764416
408,578,22/4/21,416,1.335958017,14430,2,65,XX_Male,7/2/21,Male,XX,0.944,31,Data_04-23-2021_Bassiana_Mux2.exp.5,0.0205532
409,579,22/4/21,416,1.166542857,18650,2,65,XX_Male,7/2/21,Male,XX,0.944,31,Data_04-23-2021_Bassiana_Mux2.exp.5,0.017946813
410,580,22/4/21,416,1.087290297,22850,2,65,XX_Male,7/2/21,Male,XX,0.944,31,Data_04-23-2021_Bassiana_Mux2.exp.5,0.016727543
411,581,22/4/21,416,1.072982376,27050,2,65,XX_Male,7/2/21,Male,XX,0.944,31,Data_04-23-2021_Bassiana_Mux2.exp.5,0.016507421
412,582,22/4/21,416,1.019766331,31250,2,65,XX_Male,7/2/21,Male,XX,0.944,31,Data_04-23-2021_Bassiana_Mux2.exp.5,0.015688713
413,583,22/4/21,416,0.990372564,35360,2,65,XX_Male,7/2/21,Male,XX,0.944,31,Data_04-23-2021_Bassiana_Mux2.exp.5,0.015236501
414,584,22/4/21,416,1.039413515,39560,2,65,XX_Male,7/2/21,Male,XX,0.944,31,Data_04-23-2021_Bassiana_Mux2.exp.5,0.015990977
415,589,22/4/21,420,1.052609228,12200,1,65,XY_Male,6/2/21,Male,XY,0.798,31,Data_04-23-2021_Bassiana.exp.8,0.016193988
416,590,22/4/21,420,1.02694008,16250,1,65,XY_Male,6/2/21,Male,XY,0.798,31,Data_04-23-2021_Bassiana.exp.8,0.015799078
417,591,22/4/21,420,0.97182549,20450,1,65,XY_Male,6/2/21,Male,XY,0.798,31,Data_04-23-2021_Bassiana.exp.8,0.014951161
418,592,22/4/21,420,0.958830127,24650,1,65,XY_Male,6/2/21,Male,XY,0.798,31,Data_04-23-2021_Bassiana.exp.8,0.014751233
419,593,22/4/21,420,0.916911266,28850,1,65,XY_Male,6/2/21,Male,XY,0.798,31,Data_04-23-2021_Bassiana.exp.8,0.014106327
420,594,22/4/21,420,0.897336966,33050,1,65,XY_Male,6/2/21,Male,XY,0.798,31,Data_04-23-2021_Bassiana.exp.8,0.013805184
421,595,22/4/21,420,0.867339397,37160,1,65,XY_Male,6/2/21,Male,XY,0.798,31,Data_04-23-2021_Bassiana.exp.8,0.013343683
422,596,22/4/21,420,0.847745424,41360,1,65,XY_Male,6/2/21,Male,XY,0.798,31,Data_04-23-2021_Bassiana.exp.8,0.013042237
423,601,22/4/21,422,1.380035211,11000,2,65,XX_Male,6/2/21,Male,XX,0.94,33,Data_04-23-2021_Bassiana_Mux2.exp.6,0.021231311
424,602,22/4/21,422,1.237916478,15030,2,65,XX_Male,6/2/21,Male,XX,0.94,33,Data_04-23-2021_Bassiana_Mux2.exp.6,0.019044869
425,603,22/4/21,422,1.104474644,19250,2,65,XX_Male,6/2/21,Male,XX,0.94,33,Data_04-23-2021_Bassiana_Mux2.exp.6,0.016991918
426,604,22/4/21,422,1.002167546,23450,2,65,XX_Male,6/2/21,Male,XX,0.94,33,Data_04-23-2021_Bassiana_Mux2.exp.6,0.015417962
427,605,22/4/21,422,0.998477259,27650,2,65,XX_Male,6/2/21,Male,XX,0.94,33,Data_04-23-2021_Bassiana_Mux2.exp.6,0.015361189
428,606,22/4/21,422,1.039326229,31850,2,65,XX_Male,6/2/21,Male,XX,0.94,33,Data_04-23-2021_Bassiana_Mux2.exp.6,0.015989634
429,607,22/4/21,422,1.015982681,35960,2,65,XX_Male,6/2/21,Male,XX,0.94,33,Data_04-23-2021_Bassiana_Mux2.exp.6,0.015630503
430,608,22/4/21,422,0.932802196,40160,2,65,XX_Male,6/2/21,Male,XX,0.94,33,Data_04-23-2021_Bassiana_Mux2.exp.6,0.014350803
431,613,22/4/21,423,1.944764372,9800,1,65,XX_Female,6/2/21,Female,XX,0.95,33,Data_04-23-2021_Bassiana.exp.4,0.029919452
432,614,22/4/21,423,1.743714857,13830,1,65,XX_Female,6/2/21,Female,XX,0.95,33,Data_04-23-2021_Bassiana.exp.4,0.026826382
433,615,22/4/21,423,1.521047081,18050,1,65,XX_Female,6/2/21,Female,XX,0.95,33,Data_04-23-2021_Bassiana.exp.4,0.023400724
434,616,22/4/21,423,1.357091254,22250,1,65,XX_Female,6/2/21,Female,XX,0.95,33,Data_04-23-2021_Bassiana.exp.4,0.020878327
435,617,22/4/21,423,1.266837299,26450,1,65,XX_Female,6/2/21,Female,XX,0.95,33,Data_04-23-2021_Bassiana.exp.4,0.019489805
436,618,22/4/21,423,1.212343034,30650,1,65,XX_Female,6/2/21,Female,XX,0.95,33,Data_04-23-2021_Bassiana.exp.4,0.018651431
437,619,22/4/21,423,1.168409586,34760,1,65,XX_Female,6/2/21,Female,XX,0.95,33,Data_04-23-2021_Bassiana.exp.4,0.017975532
438,620,22/4/21,423,1.149992788,38960,1,65,XX_Female,6/2/21,Female,XX,0.95,33,Data_04-23-2021_Bassiana.exp.4,0.017692197
439,625,22/4/21,428,1.461034223,8600,2,65,XY_Male,1/2/21,Male,XY,0.889,29,Data_04-23-2021_Bassiana_Mux2.exp.2,0.02247745
440,626,22/4/21,428,1.379427374,12630,2,65,XY_Male,1/2/21,Male,XY,0.889,29,Data_04-23-2021_Bassiana_Mux2.exp.2,0.02122196
441,627,22/4/21,428,1.286700119,16850,2,65,XY_Male,1/2/21,Male,XY,0.889,29,Data_04-23-2021_Bassiana_Mux2.exp.2,0.019795386
442,628,22/4/21,428,1.174470626,21050,2,65,XY_Male,1/2/21,Male,XY,0.889,29,Data_04-23-2021_Bassiana_Mux2.exp.2,0.018068779
443,629,22/4/21,428,1.080290525,25250,2,65,XY_Male,1/2/21,Male,XY,0.889,29,Data_04-23-2021_Bassiana_Mux2.exp.2,0.016619854
444,630,22/4/21,428,1.031543536,29450,2,65,XY_Male,1/2/21,Male,XY,0.889,29,Data_04-23-2021_Bassiana_Mux2.exp.2,0.015869901
445,631,22/4/21,428,1.036095213,33560,2,65,XY_Male,1/2/21,Male,XY,0.889,29,Data_04-23-2021_Bassiana_Mux2.exp.2,0.015939926
446,632,22/4/21,428,0.985475199,37760,2,65,XY_Male,1/2/21,Male,XY,0.889,29,Data_04-23-2021_Bassiana_Mux2.exp.2,0.015161157
447,633,22/4/21,428,1.297823831,41960,2,65,XY_Male,1/2/21,Male,XY,0.889,29,Data_04-23-2021_Bassiana_Mux2.exp.2,0.01996652
448,638,22/4/21,459,1.194197182,9200,2,65,XX_Male,6/2/21,Male,XX,0.696,32,Data_04-23-2021_Bassiana_Mux2.exp.3,0.018372264
449,639,22/4/21,459,1.015021209,13230,2,65,XX_Male,6/2/21,Male,XX,0.696,32,Data_04-23-2021_Bassiana_Mux2.exp.3,0.015615711
450,640,22/4/21,459,0.922191565,17450,2,65,XX_Male,6/2/21,Male,XX,0.696,32,Data_04-23-2021_Bassiana_Mux2.exp.3,0.014187563
451,641,22/4/21,459,0.892512143,21650,2,65,XX_Male,6/2/21,Male,XX,0.696,32,Data_04-23-2021_Bassiana_Mux2.exp.3,0.013730956
452,642,22/4/21,459,0.836495171,25850,2,65,XX_Male,6/2/21,Male,XX,0.696,32,Data_04-23-2021_Bassiana_Mux2.exp.3,0.012869156
453,643,22/4/21,459,0.855395591,30050,2,65,XX_Male,6/2/21,Male,XX,0.696,32,Data_04-23-2021_Bassiana_Mux2.exp.3,0.013159932
454,644,22/4/21,459,0.813765827,34160,2,65,XX_Male,6/2/21,Male,XX,0.696,32,Data_04-23-2021_Bassiana_Mux2.exp.3,0.012519474
455,645,22/4/21,459,0.805518866,38360,2,65,XX_Male,6/2/21,Male,XX,0.696,32,Data_04-23-2021_Bassiana_Mux2.exp.3,0.012392598
456,646,22/4/21,459,0.787340929,42560,2,65,XX_Male,6/2/21,Male,XX,0.696,32,Data_04-23-2021_Bassiana_Mux2.exp.3,0.012112937
457,651,22/4/21,461,0.598042174,8600,1,65,XY_Male,6/2/21,Male,XY,0.719,32,Data_04-23-2021_Bassiana.exp.2,0.009200649
458,652,22/4/21,461,0.540236701,12630,1,65,XY_Male,6/2/21,Male,XY,0.719,32,Data_04-23-2021_Bassiana.exp.2,0.008311334
459,653,22/4/21,461,0.503085159,16850,1,65,XY_Male,6/2/21,Male,XY,0.719,32,Data_04-23-2021_Bassiana.exp.2,0.007739772
460,654,22/4/21,461,0.485516172,21050,1,65,XY_Male,6/2/21,Male,XY,0.719,32,Data_04-23-2021_Bassiana.exp.2,0.00746948
461,655,22/4/21,461,0.449206718,25250,1,65,XY_Male,6/2/21,Male,XY,0.719,32,Data_04-23-2021_Bassiana.exp.2,0.006910873
462,656,22/4/21,461,0.423901421,29450,1,65,XY_Male,6/2/21,Male,XY,0.719,32,Data_04-23-2021_Bassiana.exp.2,0.00652156
463,657,22/4/21,461,0.422022152,33560,1,65,XY_Male,6/2/21,Male,XY,0.719,32,Data_04-23-2021_Bassiana.exp.2,0.006492648
464,658,22/4/21,461,0.394084757,37760,1,65,XY_Male,6/2/21,Male,XY,0.719,32,Data_04-23-2021_Bassiana.exp.2,0.006062842
465,659,22/4/21,461,0.385911981,41960,1,65,XY_Male,6/2/21,Male,XY,0.719,32,Data_04-23-2021_Bassiana.exp.2,0.005937107
466,664,22/4/21,464,1.610707697,9200,1,65,XX_Female,6/2/21,Female,XX,0.728,33,Data_04-23-2021_Bassiana.exp.3,0.024780118
467,665,22/4/21,464,1.368787658,13230,1,65,XX_Female,6/2/21,Female,XX,0.728,33,Data_04-23-2021_Bassiana.exp.3,0.021058272
468,666,22/4/21,464,1.540442363,17450,1,65,XX_Female,6/2/21,Female,XX,0.728,33,Data_04-23-2021_Bassiana.exp.3,0.023699113
469,667,22/4/21,464,1.470069896,21650,1,65,XX_Female,6/2/21,Female,XX,0.728,33,Data_04-23-2021_Bassiana.exp.3,0.02261646
470,668,22/4/21,464,2.007647331,25850,1,65,XX_Female,6/2/21,Female,XX,0.728,33,Data_04-23-2021_Bassiana.exp.3,0.030886882
471,669,22/4/21,464,2.018154736,30050,1,65,XX_Female,6/2/21,Female,XX,0.728,33,Data_04-23-2021_Bassiana.exp.3,0.031048534
472,670,22/4/21,464,1.84920244,34160,1,65,XX_Female,6/2/21,Female,XX,0.728,33,Data_04-23-2021_Bassiana.exp.3,0.028449268
473,671,22/4/21,464,1.510602878,38360,1,65,XX_Female,6/2/21,Female,XX,0.728,33,Data_04-23-2021_Bassiana.exp.3,0.023240044
474,672,22/4/21,464,1.558837973,42560,1,65,XX_Female,6/2/21,Female,XX,0.728,33,Data_04-23-2021_Bassiana.exp.3,0.023982123
475,677,22/4/21,465,1.457044695,11600,2,65,XX_Female,6/2/21,Female,XX,0.79,32,Data_04-23-2021_Bassiana_Mux2.exp.7,0.022416072
476,678,22/4/21,465,1.372949099,15650,2,65,XX_Female,6/2/21,Female,XX,0.79,32,Data_04-23-2021_Bassiana_Mux2.exp.7,0.021122294
477,679,22/4/21,465,1.306155764,19850,2,65,XX_Female,6/2/21,Female,XX,0.79,32,Data_04-23-2021_Bassiana_Mux2.exp.7,0.020094704
478,680,22/4/21,465,1.271409201,24050,2,65,XX_Female,6/2/21,Female,XX,0.79,32,Data_04-23-2021_Bassiana_Mux2.exp.7,0.019560142
479,681,22/4/21,465,1.245888098,28250,2,65,XX_Female,6/2/21,Female,XX,0.79,32,Data_04-23-2021_Bassiana_Mux2.exp.7,0.019167509
480,682,22/4/21,465,1.20727255,32450,2,65,XX_Female,6/2/21,Female,XX,0.79,32,Data_04-23-2021_Bassiana_Mux2.exp.7,0.018573424
481,683,22/4/21,465,1.154923343,36560,2,65,XX_Female,6/2/21,Female,XX,0.79,32,Data_04-23-2021_Bassiana_Mux2.exp.7,0.017768051
482,684,22/4/21,465,1.079732219,40760,2,65,XX_Female,6/2/21,Female,XX,0.79,32,Data_04-23-2021_Bassiana_Mux2.exp.7,0.016611265
483,689,22/4/21,467,1.494224804,11000,1,65,XY_Male,6/2/21,Male,XY,0.72,30,Data_04-23-2021_Bassiana.exp.6,0.022988074
484,690,22/4/21,467,1.555860874,15030,1,65,XY_Male,6/2/21,Male,XY,0.72,30,Data_04-23-2021_Bassiana.exp.6,0.023936321
485,691,22/4/21,467,1.120228248,19250,1,65,XY_Male,6/2/21,Male,XY,0.72,30,Data_04-23-2021_Bassiana.exp.6,0.017234281
486,692,22/4/21,467,1.046806296,23450,1,65,XY_Male,6/2/21,Male,XY,0.72,30,Data_04-23-2021_Bassiana.exp.6,0.016104712
487,693,22/4/21,467,1.055560898,27650,1,65,XY_Male,6/2/21,Male,XY,0.72,30,Data_04-23-2021_Bassiana.exp.6,0.016239398
488,694,22/4/21,467,1.020963476,31850,1,65,XY_Male,6/2/21,Male,XY,0.72,30,Data_04-23-2021_Bassiana.exp.6,0.01570713
489,695,22/4/21,467,0.893899707,35960,1,65,XY_Male,6/2/21,Male,XY,0.72,30,Data_04-23-2021_Bassiana.exp.6,0.013752303
490,696,22/4/21,467,0.831656888,40160,1,65,XY_Male,6/2/21,Male,XY,0.72,30,Data_04-23-2021_Bassiana.exp.6,0.012794721
491,701,22/4/21,469,2.002471768,10400,1,65,XX_Female,6/2/21,Female,XX,0.954,32,Data_04-23-2021_Bassiana.exp.5,0.030807258
492,702,22/4/21,469,1.826615124,14430,1,65,XX_Female,6/2/21,Female,XX,0.954,32,Data_04-23-2021_Bassiana.exp.5,0.028101771
493,703,22/4/21,469,1.866534409,18650,1,65,XX_Female,6/2/21,Female,XX,0.954,32,Data_04-23-2021_Bassiana.exp.5,0.028715914
494,704,22/4/21,469,1.631762875,22850,1,65,XX_Female,6/2/21,Female,XX,0.954,32,Data_04-23-2021_Bassiana.exp.5,0.025104044
495,705,22/4/21,469,1.598968044,27050,1,65,XX_Female,6/2/21,Female,XX,0.954,32,Data_04-23-2021_Bassiana.exp.5,0.024599508
496,706,22/4/21,469,1.544310641,31250,1,65,XX_Female,6/2/21,Female,XX,0.954,32,Data_04-23-2021_Bassiana.exp.5,0.023758625
497,707,22/4/21,469,1.500317191,35360,1,65,XX_Female,6/2/21,Female,XX,0.954,32,Data_04-23-2021_Bassiana.exp.5,0.023081803
498,708,22/4/21,469,1.393858318,39560,1,65,XX_Female,6/2/21,Female,XX,0.954,32,Data_04-23-2021_Bassiana.exp.5,0.021443974
499,713,22/4/21,470,0.96909079,9800,2,65,XX_Male,6/2/21,Male,XX,0.915,36,Data_04-23-2021_Bassiana_Mux2.exp.4,0.014909089
500,714,22/4/21,470,0.934604633,13830,2,65,XX_Male,6/2/21,Male,XX,0.915,36,Data_04-23-2021_Bassiana_Mux2.exp.4,0.014378533
501,715,22/4/21,470,0.970903728,18050,2,65,XX_Male,6/2/21,Male,XX,0.915,36,Data_04-23-2021_Bassiana_Mux2.exp.4,0.01493698
502,716,22/4/21,470,0.845484416,22250,2,65,XX_Male,6/2/21,Male,XX,0.915,36,Data_04-23-2021_Bassiana_Mux2.exp.4,0.013007453
503,717,22/4/21,470,0.77124047,26450,2,65,XX_Male,6/2/21,Male,XX,0.915,36,Data_04-23-2021_Bassiana_Mux2.exp.4,0.011865238
504,718,22/4/21,470,0.712305013,30650,2,65,XX_Male,6/2/21,Male,XX,0.915,36,Data_04-23-2021_Bassiana_Mux2.exp.4,0.010958539
505,719,22/4/21,470,0.710622807,34760,2,65,XX_Male,6/2/21,Male,XX,0.915,36,Data_04-23-2021_Bassiana_Mux2.exp.4,0.010932659
506,720,22/4/21,470,0.696352336,38960,2,65,XX_Male,6/2/21,Male,XX,0.915,36,Data_04-23-2021_Bassiana_Mux2.exp.4,0.010713113
507,725,22/4/21,471,1.345571428,11600,1,65,XY_Male,6/2/21,Male,XY,0.844,31,Data_04-23-2021_Bassiana.exp.7,0.020701099
508,726,22/4/21,471,1.213046094,15650,1,65,XY_Male,6/2/21,Male,XY,0.844,31,Data_04-23-2021_Bassiana.exp.7,0.018662248
509,727,22/4/21,471,1.108336917,19850,1,65,XY_Male,6/2/21,Male,XY,0.844,31,Data_04-23-2021_Bassiana.exp.7,0.017051337
510,728,22/4/21,471,1.067517134,24050,1,65,XY_Male,6/2/21,Male,XY,0.844,31,Data_04-23-2021_Bassiana.exp.7,0.016423341
511,729,22/4/21,471,1.005319648,28250,1,65,XY_Male,6/2/21,Male,XY,0.844,31,Data_04-23-2021_Bassiana.exp.7,0.015466456
512,730,22/4/21,471,0.981958187,32450,1,65,XY_Male,6/2/21,Male,XY,0.844,31,Data_04-23-2021_Bassiana.exp.7,0.015107049
513,731,22/4/21,471,0.920000707,36560,1,65,XY_Male,6/2/21,Male,XY,0.844,31,Data_04-23-2021_Bassiana.exp.7,0.014153857
514,732,22/4/21,471,0.906976468,40760,1,65,XY_Male,6/2/21,Male,XY,0.844,31,Data_04-23-2021_Bassiana.exp.7,0.013953484
515,737,22/4/21,477,0.862616584,12200,2,65,XX_Female,2/2/21,Female,XX,0.872,33,Data_04-23-2021_Bassiana_Mux2.exp.8,0.013271024
516,738,22/4/21,477,0.812992154,16250,2,65,XX_Female,2/2/21,Female,XX,0.872,33,Data_04-23-2021_Bassiana_Mux2.exp.8,0.012507572
517,739,22/4/21,477,0.958818316,20450,2,65,XX_Female,2/2/21,Female,XX,0.872,33,Data_04-23-2021_Bassiana_Mux2.exp.8,0.014751051
518,740,22/4/21,477,1.590333097,24650,2,65,XX_Female,2/2/21,Female,XX,0.872,33,Data_04-23-2021_Bassiana_Mux2.exp.8,0.024466663
519,741,22/4/21,477,1.570945124,28850,2,65,XX_Female,2/2/21,Female,XX,0.872,33,Data_04-23-2021_Bassiana_Mux2.exp.8,0.024168387
520,742,22/4/21,477,1.455718549,33050,2,65,XX_Female,2/2/21,Female,XX,0.872,33,Data_04-23-2021_Bassiana_Mux2.exp.8,0.02239567
521,743,22/4/21,477,1.203236704,37160,2,65,XX_Female,2/2/21,Female,XX,0.872,33,Data_04-23-2021_Bassiana_Mux2.exp.8,0.018511334
522,744,22/4/21,477,1.133643003,41360,2,65,XX_Female,2/2/21,Female,XX,0.872,33,Data_04-23-2021_Bassiana_Mux2.exp.8,0.017440662
523,749,28/3/21,415,0.892814901,11000,1,65,XX_Male,7/2/21,Male,XX,0.64,26,Data_03-29-2021_Bassiana.exp.6,0.013735614
524,750,28/3/21,415,0.614605519,15030,1,65,XX_Male,7/2/21,Male,XX,0.64,26,Data_03-29-2021_Bassiana.exp.6,0.00945547
525,751,28/3/21,415,0.540641146,19250,1,65,XX_Male,7/2/21,Male,XX,0.64,26,Data_03-29-2021_Bassiana.exp.6,0.008317556
526,752,28/3/21,415,0.523033792,23450,1,65,XX_Male,7/2/21,Male,XX,0.64,26,Data_03-29-2021_Bassiana.exp.6,0.008046674
527,753,28/3/21,415,0.530643926,27650,1,65,XX_Male,7/2/21,Male,XX,0.64,26,Data_03-29-2021_Bassiana.exp.6,0.008163753
528,754,28/3/21,415,0.52016613,31850,1,65,XX_Male,7/2/21,Male,XX,0.64,26,Data_03-29-2021_Bassiana.exp.6,0.008002556
529,755,28/3/21,415,0.498692491,35960,1,65,XX_Male,7/2/21,Male,XX,0.64,26,Data_03-29-2021_Bassiana.exp.6,0.007672192
530,756,28/3/21,415,0.504513752,40160,1,65,XX_Male,7/2/21,Male,XX,0.64,26,Data_03-29-2021_Bassiana.exp.6,0.00776175
531,757,28/3/21,415,0.479576701,44360,1,65,XX_Male,7/2/21,Male,XX,0.64,26,Data_03-29-2021_Bassiana.exp.6,0.007378103
532,758,28/3/21,415,0.602429283,48400,1,65,XX_Male,7/2/21,Male,XX,0.64,26,Data_03-29-2021_Bassiana.exp.6,0.009268143
533,763,28/3/21,416,0.399564163,10400,2,65,XX_Male,7/2/21,Male,XX,0.632,30,Data_03-29-2021_Bassiana_Mux2.exp.5,0.006147141
534,764,28/3/21,416,0.40493872,14430,2,65,XX_Male,7/2/21,Male,XX,0.632,30,Data_03-29-2021_Bassiana_Mux2.exp.5,0.006229826
535,765,28/3/21,416,0.394667741,18650,2,65,XX_Male,7/2/21,Male,XX,0.632,30,Data_03-29-2021_Bassiana_Mux2.exp.5,0.006071811
536,766,28/3/21,416,0.392521488,22850,2,65,XX_Male,7/2/21,Male,XX,0.632,30,Data_03-29-2021_Bassiana_Mux2.exp.5,0.006038792
537,767,28/3/21,416,0.398679056,27050,2,65,XX_Male,7/2/21,Male,XX,0.632,30,Data_03-29-2021_Bassiana_Mux2.exp.5,0.006133524
538,768,28/3/21,416,0.390575877,31250,2,65,XX_Male,7/2/21,Male,XX,0.632,30,Data_03-29-2021_Bassiana_Mux2.exp.5,0.00600886
539,769,28/3/21,416,0.386131372,35360,2,65,XX_Male,7/2/21,Male,XX,0.632,30,Data_03-29-2021_Bassiana_Mux2.exp.5,0.005940483
540,770,28/3/21,416,0.39103896,39560,2,65,XX_Male,7/2/21,Male,XX,0.632,30,Data_03-29-2021_Bassiana_Mux2.exp.5,0.006015984
541,771,28/3/21,416,0.396550295,43760,2,65,XX_Male,7/2/21,Male,XX,0.632,30,Data_03-29-2021_Bassiana_Mux2.exp.5,0.006100774
542,772,28/3/21,416,0.427340206,47800,2,65,XX_Male,7/2/21,Male,XX,0.632,30,Data_03-29-2021_Bassiana_Mux2.exp.5,0.006574465
543,773,28/3/21,416,1.127126961,52000,2,65,XX_Male,7/2/21,Male,XX,0.632,30,Data_03-29-2021_Bassiana_Mux2.exp.5,0.017340415
544,778,28/3/21,420,0.289297677,9800,2,65,XY_Male,6/2/21,Male,XY,0.607,27,Data_03-29-2021_Bassiana_Mux2.exp.4,0.004450733
545,779,28/3/21,420,0.323884773,13830,2,65,XY_Male,6/2/21,Male,XY,0.607,27,Data_03-29-2021_Bassiana_Mux2.exp.4,0.004982843
546,780,28/3/21,420,0.311976695,18050,2,65,XY_Male,6/2/21,Male,XY,0.607,27,Data_03-29-2021_Bassiana_Mux2.exp.4,0.004799641
547,781,28/3/21,420,0.329897513,22250,2,65,XY_Male,6/2/21,Male,XY,0.607,27,Data_03-29-2021_Bassiana_Mux2.exp.4,0.005075346
548,782,28/3/21,420,0.312715146,26450,2,65,XY_Male,6/2/21,Male,XY,0.607,27,Data_03-29-2021_Bassiana_Mux2.exp.4,0.004811002
549,783,28/3/21,420,0.321855781,30650,2,65,XY_Male,6/2/21,Male,XY,0.607,27,Data_03-29-2021_Bassiana_Mux2.exp.4,0.004951627
550,784,28/3/21,420,0.318194801,34760,2,65,XY_Male,6/2/21,Male,XY,0.607,27,Data_03-29-2021_Bassiana_Mux2.exp.4,0.004895305
551,785,28/3/21,420,0.326751353,38960,2,65,XY_Male,6/2/21,Male,XY,0.607,27,Data_03-29-2021_Bassiana_Mux2.exp.4,0.005026944
552,786,28/3/21,420,0.328513037,43160,2,65,XY_Male,6/2/21,Male,XY,0.607,27,Data_03-29-2021_Bassiana_Mux2.exp.4,0.005054047
553,787,28/3/21,420,0.320957098,47200,2,65,XY_Male,6/2/21,Male,XY,0.607,27,Data_03-29-2021_Bassiana_Mux2.exp.4,0.004937802
554,788,28/3/21,420,0.341561209,51400,2,65,XY_Male,6/2/21,Male,XY,0.607,27,Data_03-29-2021_Bassiana_Mux2.exp.4,0.005254788
555,793,28/3/21,422,0.309049502,12200,2,65,XX_Male,6/2/21,Male,XX,0.663,28,Data_03-29-2021_Bassiana_Mux2.exp.8,0.004754608
556,794,28/3/21,422,0.294789866,16250,2,65,XX_Male,6/2/21,Male,XX,0.663,28,Data_03-29-2021_Bassiana_Mux2.exp.8,0.004535229
557,795,28/3/21,422,0.309347976,20450,2,65,XX_Male,6/2/21,Male,XX,0.663,28,Data_03-29-2021_Bassiana_Mux2.exp.8,0.0047592
558,796,28/3/21,422,0.304345758,24650,2,65,XX_Male,6/2/21,Male,XX,0.663,28,Data_03-29-2021_Bassiana_Mux2.exp.8,0.004682242
559,797,28/3/21,422,0.299873265,28850,2,65,XX_Male,6/2/21,Male,XX,0.663,28,Data_03-29-2021_Bassiana_Mux2.exp.8,0.004613435
560,798,28/3/21,422,0.29797753,33050,2,65,XX_Male,6/2/21,Male,XX,0.663,28,Data_03-29-2021_Bassiana_Mux2.exp.8,0.00458427
561,799,28/3/21,422,0.30739838,37160,2,65,XX_Male,6/2/21,Male,XX,0.663,28,Data_03-29-2021_Bassiana_Mux2.exp.8,0.004729206
562,800,28/3/21,422,0.322574441,41360,2,65,XX_Male,6/2/21,Male,XX,0.663,28,Data_03-29-2021_Bassiana_Mux2.exp.8,0.004962684
563,801,28/3/21,422,0.890225504,45560,2,65,XX_Male,6/2/21,Male,XX,0.663,28,Data_03-29-2021_Bassiana_Mux2.exp.8,0.013695777
564,802,28/3/21,422,0.693093806,49600,2,65,XX_Male,6/2/21,Male,XX,0.663,28,Data_03-29-2021_Bassiana_Mux2.exp.8,0.010662982
565,807,28/3/21,423,0.699689013,11600,1,65,XX_Female,6/2/21,Female,XX,0.69,28,Data_03-29-2021_Bassiana.exp.7,0.010764446
566,808,28/3/21,423,0.567473444,15650,1,65,XX_Female,6/2/21,Female,XX,0.69,28,Data_03-29-2021_Bassiana.exp.7,0.008730361
567,809,28/3/21,423,1.200257144,19850,1,65,XX_Female,6/2/21,Female,XX,0.69,28,Data_03-29-2021_Bassiana.exp.7,0.018465495
568,810,28/3/21,423,1.582888521,24050,1,65,XX_Female,6/2/21,Female,XX,0.69,28,Data_03-29-2021_Bassiana.exp.7,0.024352131
569,811,28/3/21,423,1.715595116,28250,1,65,XX_Female,6/2/21,Female,XX,0.69,28,Data_03-29-2021_Bassiana.exp.7,0.026393771
570,812,28/3/21,423,1.268172744,32450,1,65,XX_Female,6/2/21,Female,XX,0.69,28,Data_03-29-2021_Bassiana.exp.7,0.01951035
571,813,28/3/21,423,0.935327015,36560,1,65,XX_Female,6/2/21,Female,XX,0.69,28,Data_03-29-2021_Bassiana.exp.7,0.014389646
572,814,28/3/21,423,0.603914301,40760,1,65,XX_Female,6/2/21,Female,XX,0.69,28,Data_03-29-2021_Bassiana.exp.7,0.009290989
573,815,28/3/21,423,0.560763486,44960,1,65,XX_Female,6/2/21,Female,XX,0.69,28,Data_03-29-2021_Bassiana.exp.7,0.008627131
574,816,28/3/21,423,0.559666366,49000,1,65,XX_Female,6/2/21,Female,XX,0.69,28,Data_03-29-2021_Bassiana.exp.7,0.008610252
575,821,28/3/21,428,0.590983208,11600,2,65,XY_Male,1/2/21,Male,XY,0.628,27,Data_03-29-2021_Bassiana_Mux2.exp.7,0.009092049
576,822,28/3/21,428,0.539930397,15650,2,65,XY_Male,1/2/21,Male,XY,0.628,27,Data_03-29-2021_Bassiana_Mux2.exp.7,0.008306621
577,823,28/3/21,428,0.552146594,19850,2,65,XY_Male,1/2/21,Male,XY,0.628,27,Data_03-29-2021_Bassiana_Mux2.exp.7,0.008494563
578,824,28/3/21,428,0.544930076,24050,2,65,XY_Male,1/2/21,Male,XY,0.628,27,Data_03-29-2021_Bassiana_Mux2.exp.7,0.00838354
579,825,28/3/21,428,0.538759366,28250,2,65,XY_Male,1/2/21,Male,XY,0.628,27,Data_03-29-2021_Bassiana_Mux2.exp.7,0.008288606
580,826,28/3/21,428,0.528366328,32450,2,65,XY_Male,1/2/21,Male,XY,0.628,27,Data_03-29-2021_Bassiana_Mux2.exp.7,0.008128713
581,827,28/3/21,428,0.535919495,36560,2,65,XY_Male,1/2/21,Male,XY,0.628,27,Data_03-29-2021_Bassiana_Mux2.exp.7,0.008244915
582,828,28/3/21,428,0.534967664,40760,2,65,XY_Male,1/2/21,Male,XY,0.628,27,Data_03-29-2021_Bassiana_Mux2.exp.7,0.008230272
583,829,28/3/21,428,0.521466002,44960,2,65,XY_Male,1/2/21,Male,XY,0.628,27,Data_03-29-2021_Bassiana_Mux2.exp.7,0.008022554
584,830,28/3/21,428,0.563586874,49000,2,65,XY_Male,1/2/21,Male,XY,0.628,27,Data_03-29-2021_Bassiana_Mux2.exp.7,0.008670567
585,835,28/3/21,444,0.16145774,8600,1,65,XY_Male,1/2/21,Male,XY,0.556,27,Data_03-29-2021_Bassiana.exp.2,0.002483965
586,836,28/3/21,444,0.2010868,12630,1,65,XY_Male,1/2/21,Male,XY,0.556,27,Data_03-29-2021_Bassiana.exp.2,0.003093643
587,837,28/3/21,444,0.174506188,16850,1,65,XY_Male,1/2/21,Male,XY,0.556,27,Data_03-29-2021_Bassiana.exp.2,0.002684711
588,838,28/3/21,444,0.191351286,21050,1,65,XY_Male,1/2/21,Male,XY,0.556,27,Data_03-29-2021_Bassiana.exp.2,0.002943866
589,839,28/3/21,444,0.192586148,25250,1,65,XY_Male,1/2/21,Male,XY,0.556,27,Data_03-29-2021_Bassiana.exp.2,0.002962864
590,840,28/3/21,444,0.206714956,29450,1,65,XY_Male,1/2/21,Male,XY,0.556,27,Data_03-29-2021_Bassiana.exp.2,0.00318023
591,841,28/3/21,444,0.200889382,33560,1,65,XY_Male,1/2/21,Male,XY,0.556,27,Data_03-29-2021_Bassiana.exp.2,0.003090606
592,842,28/3/21,444,0.189186071,37760,1,65,XY_Male,1/2/21,Male,XY,0.556,27,Data_03-29-2021_Bassiana.exp.2,0.002910555
593,843,28/3/21,444,0.192496996,41960,1,65,XY_Male,1/2/21,Male,XY,0.556,27,Data_03-29-2021_Bassiana.exp.2,0.002961492
594,844,28/3/21,444,0.198499805,46000,1,65,XY_Male,1/2/21,Male,XY,0.556,27,Data_03-29-2021_Bassiana.exp.2,0.003053843
595,845,28/3/21,444,0.19850238,50200,1,65,XY_Male,1/2/21,Male,XY,0.556,27,Data_03-29-2021_Bassiana.exp.2,0.003053883
596,850,28/3/21,459,0.52795149,9200,1,65,XX_Male,6/2/21,Male,XX,0.512,28,Data_03-29-2021_Bassiana.exp.3,0.008122331
597,851,28/3/21,459,0.551536392,13230,1,65,XX_Male,6/2/21,Male,XX,0.512,28,Data_03-29-2021_Bassiana.exp.3,0.008485175
598,852,28/3/21,459,0.547276777,17450,1,65,XX_Male,6/2/21,Male,XX,0.512,28,Data_03-29-2021_Bassiana.exp.3,0.008419643
599,853,28/3/21,459,0.535123694,21650,1,65,XX_Male,6/2/21,Male,XX,0.512,28,Data_03-29-2021_Bassiana.exp.3,0.008232672
600,854,28/3/21,459,0.519468697,25850,1,65,XX_Male,6/2/21,Male,XX,0.512,28,Data_03-29-2021_Bassiana.exp.3,0.007991826
601,855,28/3/21,459,0.532839853,30050,1,65,XX_Male,6/2/21,Male,XX,0.512,28,Data_03-29-2021_Bassiana.exp.3,0.008197536
602,856,28/3/21,459,0.520895934,34160,1,65,XX_Male,6/2/21,Male,XX,0.512,28,Data_03-29-2021_Bassiana.exp.3,0.008013784
603,857,28/3/21,459,0.529809612,38360,1,65,XX_Male,6/2/21,Male,XX,0.512,28,Data_03-29-2021_Bassiana.exp.3,0.008150917
604,858,28/3/21,459,0.511438403,42560,1,65,XX_Male,6/2/21,Male,XX,0.512,28,Data_03-29-2021_Bassiana.exp.3,0.007868283
605,859,28/3/21,459,0.510460084,46600,1,65,XX_Male,6/2/21,Male,XX,0.512,28,Data_03-29-2021_Bassiana.exp.3,0.007853232
606,860,28/3/21,459,0.524054589,50800,1,65,XX_Male,6/2/21,Male,XX,0.512,28,Data_03-29-2021_Bassiana.exp.3,0.008062378
607,865,28/3/21,465,0.382123767,9200,2,65,XX_Female,6/2/21,Female,XX,0.587,26,Data_03-29-2021_Bassiana_Mux2.exp.3,0.005878827
608,866,28/3/21,465,0.416141812,13373,2,65,XX_Female,6/2/21,Female,XX,0.587,26,Data_03-29-2021_Bassiana_Mux2.exp.3,0.006402182
609,867,28/3/21,465,0.433571378,17450,2,65,XX_Female,6/2/21,Female,XX,0.587,26,Data_03-29-2021_Bassiana_Mux2.exp.3,0.006670329
610,868,28/3/21,465,0.433876722,21650,2,65,XX_Female,6/2/21,Female,XX,0.587,26,Data_03-29-2021_Bassiana_Mux2.exp.3,0.006675026
611,869,28/3/21,465,0.430686284,25850,2,65,XX_Female,6/2/21,Female,XX,0.587,26,Data_03-29-2021_Bassiana_Mux2.exp.3,0.006625943
612,870,28/3/21,465,0.436590403,30050,2,65,XX_Female,6/2/21,Female,XX,0.587,26,Data_03-29-2021_Bassiana_Mux2.exp.3,0.006716775
613,871,28/3/21,465,0.422869036,34160,2,65,XX_Female,6/2/21,Female,XX,0.587,26,Data_03-29-2021_Bassiana_Mux2.exp.3,0.006505677
614,872,28/3/21,465,0.440195019,38360,2,65,XX_Female,6/2/21,Female,XX,0.587,26,Data_03-29-2021_Bassiana_Mux2.exp.3,0.006772231
615,873,28/3/21,465,0.84043975,42560,2,65,XX_Female,6/2/21,Female,XX,0.587,26,Data_03-29-2021_Bassiana_Mux2.exp.3,0.012929842
616,874,28/3/21,465,0.828449766,46600,2,65,XX_Female,6/2/21,Female,XX,0.587,26,Data_03-29-2021_Bassiana_Mux2.exp.3,0.012745381
617,875,28/3/21,465,0.659588657,50800,2,65,XX_Female,6/2/21,Female,XX,0.587,26,Data_03-29-2021_Bassiana_Mux2.exp.3,0.010147518
618,880,28/3/21,467,0.544615209,10400,1,65,XY_Male,6/2/21,Male,XY,0.609,22,Data_03-29-2021_Bassiana.exp.5,0.008378696
619,881,28/3/21,467,0.537175926,14430,1,65,XY_Male,6/2/21,Male,XY,0.609,22,Data_03-29-2021_Bassiana.exp.5,0.008264245
620,882,28/3/21,467,0.542275678,18650,1,65,XY_Male,6/2/21,Male,XY,0.609,22,Data_03-29-2021_Bassiana.exp.5,0.008342703
621,883,28/3/21,467,0.540482529,22850,1,65,XY_Male,6/2/21,Male,XY,0.609,22,Data_03-29-2021_Bassiana.exp.5,0.008315116
622,884,28/3/21,467,0.52291516,27050,1,65,XY_Male,6/2/21,Male,XY,0.609,22,Data_03-29-2021_Bassiana.exp.5,0.008044849
623,885,28/3/21,467,0.531075018,31250,1,65,XY_Male,6/2/21,Male,XY,0.609,22,Data_03-29-2021_Bassiana.exp.5,0.008170385
624,886,28/3/21,467,0.520823193,35360,1,65,XY_Male,6/2/21,Male,XY,0.609,22,Data_03-29-2021_Bassiana.exp.5,0.008012665
625,887,28/3/21,467,0.519186059,39560,1,65,XY_Male,6/2/21,Male,XY,0.609,22,Data_03-29-2021_Bassiana.exp.5,0.007987478
626,888,28/3/21,467,0.704525067,43760,1,65,XY_Male,6/2/21,Male,XY,0.609,22,Data_03-29-2021_Bassiana.exp.5,0.010838847
627,889,28/3/21,467,1.258054908,47800,1,65,XY_Male,6/2/21,Male,XY,0.609,22,Data_03-29-2021_Bassiana.exp.5,0.019354691
628,890,28/3/21,467,1.351604599,52000,1,65,XY_Male,6/2/21,Male,XY,0.609,22,Data_03-29-2021_Bassiana.exp.5,0.020793917
629,895,28/3/21,470,0.392324863,8600,2,65,XX_Male,6/2/21,Male,XX,0.684,29,Data_03-29-2021_Bassiana_Mux2.exp.2,0.006035767
630,896,28/3/21,470,0.403224177,12680,2,65,XX_Male,6/2/21,Male,XX,0.684,29,Data_03-29-2021_Bassiana_Mux2.exp.2,0.006203449
631,897,28/3/21,470,0.403322927,16850,2,65,XX_Male,6/2/21,Male,XX,0.684,29,Data_03-29-2021_Bassiana_Mux2.exp.2,0.006204968
632,898,28/3/21,470,0.39873625,21050,2,65,XX_Male,6/2/21,Male,XX,0.684,29,Data_03-29-2021_Bassiana_Mux2.exp.2,0.006134404
633,899,28/3/21,470,0.388007294,25250,2,65,XX_Male,6/2/21,Male,XX,0.684,29,Data_03-29-2021_Bassiana_Mux2.exp.2,0.005969343
634,900,28/3/21,470,0.400752907,29450,2,65,XX_Male,6/2/21,Male,XX,0.684,29,Data_03-29-2021_Bassiana_Mux2.exp.2,0.006165429
635,901,28/3/21,470,0.374687029,33560,2,65,XX_Male,6/2/21,Male,XX,0.684,29,Data_03-29-2021_Bassiana_Mux2.exp.2,0.005764416
636,902,28/3/21,470,0.389053807,37760,2,65,XX_Male,6/2/21,Male,XX,0.684,29,Data_03-29-2021_Bassiana_Mux2.exp.2,0.005985443
637,903,28/3/21,470,0.391676926,41960,2,65,XX_Male,6/2/21,Male,XX,0.684,29,Data_03-29-2021_Bassiana_Mux2.exp.2,0.006025799
638,904,28/3/21,470,0.384186816,46090,2,65,XX_Male,6/2/21,Male,XX,0.684,29,Data_03-29-2021_Bassiana_Mux2.exp.2,0.005910566
639,905,28/3/21,470,0.389733865,50200,2,65,XX_Male,6/2/21,Male,XX,0.684,29,Data_03-29-2021_Bassiana_Mux2.exp.2,0.005995906
640,910,28/3/21,471,0.622239799,12200,1,65,XY_Male,6/2/21,Male,XY,0.608,23,Data_03-29-2021_Bassiana.exp.8,0.00957292
641,911,28/3/21,471,0.600474645,16250,1,65,XY_Male,6/2/21,Male,XY,0.608,23,Data_03-29-2021_Bassiana.exp.8,0.009238071
642,912,28/3/21,471,0.628324915,20450,1,65,XY_Male,6/2/21,Male,XY,0.608,23,Data_03-29-2021_Bassiana.exp.8,0.009666537
643,913,28/3/21,471,0.630067981,24650,1,65,XY_Male,6/2/21,Male,XY,0.608,23,Data_03-29-2021_Bassiana.exp.8,0.009693354
644,914,28/3/21,471,0.596295052,28850,1,65,XY_Male,6/2/21,Male,XY,0.608,23,Data_03-29-2021_Bassiana.exp.8,0.00917377
645,915,28/3/21,471,0.598012747,33050,1,65,XY_Male,6/2/21,Male,XY,0.608,23,Data_03-29-2021_Bassiana.exp.8,0.009200196
646,916,28/3/21,471,0.602994346,37160,1,65,XY_Male,6/2/21,Male,XY,0.608,23,Data_03-29-2021_Bassiana.exp.8,0.009276836
647,917,28/3/21,471,0.59609927,41360,1,65,XY_Male,6/2/21,Male,XY,0.608,23,Data_03-29-2021_Bassiana.exp.8,0.009170758
648,918,28/3/21,471,0.6815312,45560,1,65,XY_Male,6/2/21,Male,XY,0.608,23,Data_03-29-2021_Bassiana.exp.8,0.010485095
649,919,28/3/21,471,1.342335703,49600,1,65,XY_Male,6/2/21,Male,XY,0.608,23,Data_03-29-2021_Bassiana.exp.8,0.020651319
650,924,28/3/21,473,0.910396081,9800,1,65,XX_Female,6/2/21,Female,XX,0.69,28,Data_03-29-2021_Bassiana.exp.4,0.014006094
651,925,28/3/21,473,0.876921913,13830,1,65,XX_Female,6/2/21,Female,XX,0.69,28,Data_03-29-2021_Bassiana.exp.4,0.013491106
652,926,28/3/21,473,0.889325191,18050,1,65,XX_Female,6/2/21,Female,XX,0.69,28,Data_03-29-2021_Bassiana.exp.4,0.013681926
653,927,28/3/21,473,0.901155057,22250,1,65,XX_Female,6/2/21,Female,XX,0.69,28,Data_03-29-2021_Bassiana.exp.4,0.013863924
654,928,28/3/21,473,0.781112611,26450,1,65,XX_Female,6/2/21,Female,XX,0.69,28,Data_03-29-2021_Bassiana.exp.4,0.012017117
655,929,28/3/21,473,0.836334534,30650,1,65,XX_Female,6/2/21,Female,XX,0.69,28,Data_03-29-2021_Bassiana.exp.4,0.012866685
656,930,28/3/21,473,0.755532669,34760,1,65,XX_Female,6/2/21,Female,XX,0.69,28,Data_03-29-2021_Bassiana.exp.4,0.01162358
657,931,28/3/21,473,0.653186348,38960,1,65,XX_Female,6/2/21,Female,XX,0.69,28,Data_03-29-2021_Bassiana.exp.4,0.010049021
658,932,28/3/21,473,0.632941303,43160,1,65,XX_Female,6/2/21,Female,XX,0.69,28,Data_03-29-2021_Bassiana.exp.4,0.009737559
659,933,28/3/21,473,0.61488772,47200,1,65,XX_Female,6/2/21,Female,XX,0.69,28,Data_03-29-2021_Bassiana.exp.4,0.009459811
660,934,28/3/21,473,0.62598807,51400,1,65,XX_Female,6/2/21,Female,XX,0.69,28,Data_03-29-2021_Bassiana.exp.4,0.009630586
661,939,28/3/21,477,0.702872124,11000,2,65,XX_Female,2/2/21,Female,XX,0.661,29,Data_03-29-2021_Bassiana_Mux2.exp.6,0.010813417
662,940,28/3/21,477,0.57678016,15030,2,65,XX_Female,2/2/21,Female,XX,0.661,29,Data_03-29-2021_Bassiana_Mux2.exp.6,0.008873541
663,941,28/3/21,477,0.793585615,19250,2,65,XX_Female,2/2/21,Female,XX,0.661,29,Data_03-29-2021_Bassiana_Mux2.exp.6,0.012209009
664,942,28/3/21,477,0.493352629,23450,2,65,XX_Female,2/2/21,Female,XX,0.661,29,Data_03-29-2021_Bassiana_Mux2.exp.6,0.00759004
665,943,28/3/21,477,0.479266365,27650,2,65,XX_Female,2/2/21,Female,XX,0.661,29,Data_03-29-2021_Bassiana_Mux2.exp.6,0.007373329
666,944,28/3/21,477,0.469281074,31850,2,65,XX_Female,2/2/21,Female,XX,0.661,29,Data_03-29-2021_Bassiana_Mux2.exp.6,0.007219709
667,945,28/3/21,477,0.460219954,35960,2,65,XX_Female,2/2/21,Female,XX,0.661,29,Data_03-29-2021_Bassiana_Mux2.exp.6,0.007080307
668,946,28/3/21,477,0.471783077,40160,2,65,XX_Female,2/2/21,Female,XX,0.661,29,Data_03-29-2021_Bassiana_Mux2.exp.6,0.007258201
669,947,28/3/21,477,0.444321059,44360,2,65,XX_Female,2/2/21,Female,XX,0.661,29,Data_03-29-2021_Bassiana_Mux2.exp.6,0.006835709
670,948,28/3/21,477,0.469071053,48400,2,65,XX_Female,2/2/21,Female,XX,0.661,29,Data_03-29-2021_Bassiana_Mux2.exp.6,0.007216478
671,953,29/3/21,418,0.781050747,11480,2,65,XX_Female,6/2/21,Female,XX,0.74,NA,Data_03-30-2021_Bassiana_Mux2.exp.7,0.012016165
672,954,29/3/21,418,0.671052086,15680,2,65,XX_Female,6/2/21,Female,XX,0.74,NA,Data_03-30-2021_Bassiana_Mux2.exp.7,0.010323878
673,955,29/3/21,418,0.630573458,19880,2,65,XX_Female,6/2/21,Female,XX,0.74,NA,Data_03-30-2021_Bassiana_Mux2.exp.7,0.00970113
674,956,29/3/21,418,0.589459965,24080,2,65,XX_Female,6/2/21,Female,XX,0.74,NA,Data_03-30-2021_Bassiana_Mux2.exp.7,0.009068615
675,957,29/3/21,418,0.580633948,28280,2,65,XX_Female,6/2/21,Female,XX,0.74,NA,Data_03-30-2021_Bassiana_Mux2.exp.7,0.00893283
676,958,29/3/21,418,0.564914321,32330,2,65,XX_Female,6/2/21,Female,XX,0.74,NA,Data_03-30-2021_Bassiana_Mux2.exp.7,0.00869099
677,959,29/3/21,418,0.5448509,36530,2,65,XX_Female,6/2/21,Female,XX,0.74,NA,Data_03-30-2021_Bassiana_Mux2.exp.7,0.008382322
678,964,29/3/21,508,0.284418104,12680,1,65,XX_Female,,Female,XX,0.566,NA,Data_03-30-2021_Bassiana.exp.2,0.004375663
679,965,29/3/21,508,0.281076434,16880,1,65,XX_Female,,Female,XX,0.566,NA,Data_03-30-2021_Bassiana.exp.2,0.004324253
680,966,29/3/21,508,0.272581146,21080,1,65,XX_Female,,Female,XX,0.566,NA,Data_03-30-2021_Bassiana.exp.2,0.004193556
681,967,29/3/21,508,0.28522964,25280,1,65,XX_Female,,Female,XX,0.566,NA,Data_03-30-2021_Bassiana.exp.2,0.004388148
682,968,29/3/21,508,0.278803406,29480,1,65,XX_Female,,Female,XX,0.566,NA,Data_03-30-2021_Bassiana.exp.2,0.004289283
683,969,29/3/21,508,0.278958572,33530,1,65,XX_Female,,Female,XX,0.566,NA,Data_03-30-2021_Bassiana.exp.2,0.00429167
684,970,29/3/21,508,0.263257485,37730,1,65,XX_Female,,Female,XX,0.566,NA,Data_03-30-2021_Bassiana.exp.2,0.004050115
685,975,29/3/21,512,0.431496752,9680,1,65,XX_Female,,Female,XX,0.678,NA,Data_03-30-2021_Bassiana.exp.4,0.006638412
686,976,29/3/21,512,0.46952811,13880,1,65,XX_Female,,Female,XX,0.678,NA,Data_03-30-2021_Bassiana.exp.4,0.007223509
687,977,29/3/21,512,0.435262474,18080,1,65,XX_Female,,Female,XX,0.678,NA,Data_03-30-2021_Bassiana.exp.4,0.006696346
688,978,29/3/21,512,0.434502123,22280,1,65,XX_Female,,Female,XX,0.678,NA,Data_03-30-2021_Bassiana.exp.4,0.006684648
689,979,29/3/21,512,0.447890299,26480,1,65,XX_Female,,Female,XX,0.678,NA,Data_03-30-2021_Bassiana.exp.4,0.00689062
690,980,29/3/21,512,0.440806408,30530,1,65,XX_Female,,Female,XX,0.678,NA,Data_03-30-2021_Bassiana.exp.4,0.006781637
691,981,29/3/21,512,0.427931526,34730,1,65,XX_Female,,Female,XX,0.678,NA,Data_03-30-2021_Bassiana.exp.4,0.006583562
692,982,29/3/21,512,0.420628671,38930,1,65,XX_Female,,Female,XX,0.678,NA,Data_03-30-2021_Bassiana.exp.4,0.00647121
693,987,29/3/21,513,0.301115677,9810,2,65,XX_Male,,Male,XX,0.617,NA,Data_03-30-2021_Bassiana_Mux2.exp.4,0.004632549
694,988,29/3/21,513,0.284845656,13880,2,65,XX_Male,,Male,XX,0.617,NA,Data_03-30-2021_Bassiana_Mux2.exp.4,0.004382241
695,989,29/3/21,513,0.280517021,18080,2,65,XX_Male,,Male,XX,0.617,NA,Data_03-30-2021_Bassiana_Mux2.exp.4,0.004315646
696,990,29/3/21,513,0.2838738,22280,2,65,XX_Male,,Male,XX,0.617,NA,Data_03-30-2021_Bassiana_Mux2.exp.4,0.004367289
697,991,29/3/21,513,0.283785394,26480,2,65,XX_Male,,Male,XX,0.617,NA,Data_03-30-2021_Bassiana_Mux2.exp.4,0.004365929
698,992,29/3/21,513,0.284146316,30530,2,65,XX_Male,,Male,XX,0.617,NA,Data_03-30-2021_Bassiana_Mux2.exp.4,0.004371482
699,993,29/3/21,513,0.281628541,34730,2,65,XX_Male,,Male,XX,0.617,NA,Data_03-30-2021_Bassiana_Mux2.exp.4,0.004332747
700,994,29/3/21,513,0.270577101,38930,2,65,XX_Male,,Male,XX,0.617,NA,Data_03-30-2021_Bassiana_Mux2.exp.4,0.004162725
701,999,29/3/21,562,0.465554908,10880,2,65,XY_Male,,Male,XY,0.672,NA,Data_03-30-2021_Bassiana_Mux2.exp.6,0.007162383
702,1000,29/3/21,562,0.953036827,15080,2,65,XY_Male,,Male,XY,0.672,NA,Data_03-30-2021_Bassiana_Mux2.exp.6,0.014662105
703,1001,29/3/21,562,0.927275473,19280,2,65,XY_Male,,Male,XY,0.672,NA,Data_03-30-2021_Bassiana_Mux2.exp.6,0.014265777
704,1002,29/3/21,562,0.800190223,23480,2,65,XY_Male,,Male,XY,0.672,NA,Data_03-30-2021_Bassiana_Mux2.exp.6,0.012310619
705,1003,29/3/21,562,0.849256267,27680,2,65,XY_Male,,Male,XY,0.672,NA,Data_03-30-2021_Bassiana_Mux2.exp.6,0.013065481
706,1004,29/3/21,562,0.715995062,31730,2,65,XY_Male,,Male,XY,0.672,NA,Data_03-30-2021_Bassiana_Mux2.exp.6,0.011015309
707,1005,29/3/21,562,0.618400041,35930,2,65,XY_Male,,Male,XY,0.672,NA,Data_03-30-2021_Bassiana_Mux2.exp.6,0.009513847
708,1010,29/3/21,565,0.473015475,9080,1,65,XX_Male,,Male,XX,0.526,NA,Data_03-30-2021_Bassiana.exp.3,0.007277161
709,1011,29/3/21,565,0.486679983,13280,1,65,XX_Male,,Male,XX,0.526,NA,Data_03-30-2021_Bassiana.exp.3,0.007487384
710,1012,29/3/21,565,0.457601556,17480,1,65,XX_Male,,Male,XX,0.526,NA,Data_03-30-2021_Bassiana.exp.3,0.007040024
711,1013,29/3/21,565,0.444894395,21680,1,65,XX_Male,,Male,XX,0.526,NA,Data_03-30-2021_Bassiana.exp.3,0.006844529
712,1014,29/3/21,565,0.447777978,25880,1,65,XX_Male,,Male,XX,0.526,NA,Data_03-30-2021_Bassiana.exp.3,0.006888892
713,1015,29/3/21,565,0.448218604,29930,1,65,XX_Male,,Male,XX,0.526,NA,Data_03-30-2021_Bassiana.exp.3,0.006895671
714,1016,29/3/21,565,0.441771617,34130,1,65,XX_Male,,Male,XX,0.526,NA,Data_03-30-2021_Bassiana.exp.3,0.006796486
715,1017,29/3/21,565,0.437615641,38330,1,65,XX_Male,,Male,XX,0.526,NA,Data_03-30-2021_Bassiana.exp.3,0.006732548
716,1022,29/3/21,566,0.480372687,11480,1,65,XY_Male,,Male,XY,0.639,NA,Data_03-30-2021_Bassiana.exp.7,0.007390349
717,1023,29/3/21,566,0.442083282,15680,1,65,XY_Male,,Male,XY,0.639,NA,Data_03-30-2021_Bassiana.exp.7,0.006801281
718,1024,29/3/21,566,0.445072045,19880,1,65,XY_Male,,Male,XY,0.639,NA,Data_03-30-2021_Bassiana.exp.7,0.006847262
719,1025,29/3/21,566,0.477824474,24080,1,65,XY_Male,,Male,XY,0.639,NA,Data_03-30-2021_Bassiana.exp.7,0.007351146
720,1026,29/3/21,566,0.574679131,28280,1,65,XY_Male,,Male,XY,0.639,NA,Data_03-30-2021_Bassiana.exp.7,0.008841217
721,1027,29/3/21,566,0.606383273,32330,1,65,XY_Male,,Male,XY,0.639,NA,Data_03-30-2021_Bassiana.exp.7,0.009328973
722,1028,29/3/21,566,0.551558917,36530,1,65,XY_Male,,Male,XY,0.639,NA,Data_03-30-2021_Bassiana.exp.7,0.008485522
723,1033,29/3/21,576,0.544170402,10880,1,65,XY_Male,,Male,XY,0.645,NA,Data_03-30-2021_Bassiana.exp.6,0.008371852
724,1034,29/3/21,576,0.71434366,15080,1,65,XY_Male,,Male,XY,0.645,NA,Data_03-30-2021_Bassiana.exp.6,0.010989902
725,1035,29/3/21,576,0.769922871,19280,1,65,XY_Male,,Male,XY,0.645,NA,Data_03-30-2021_Bassiana.exp.6,0.011844967
726,1036,29/3/21,576,0.514038432,23480,1,65,XY_Male,,Male,XY,0.645,NA,Data_03-30-2021_Bassiana.exp.6,0.007908284
727,1037,29/3/21,576,0.501092391,27680,1,65,XY_Male,,Male,XY,0.645,NA,Data_03-30-2021_Bassiana.exp.6,0.007709114
728,1038,29/3/21,576,0.469848484,31730,1,65,XY_Male,,Male,XY,0.645,NA,Data_03-30-2021_Bassiana.exp.6,0.007228438
729,1039,29/3/21,576,0.455294831,35930,1,65,XY_Male,,Male,XY,0.645,NA,Data_03-30-2021_Bassiana.exp.6,0.007004536
730,1044,29/3/21,577,0.392293303,9080,2,65,XX_Male,,Male,XX,0.508,NA,Data_03-30-2021_Bassiana_Mux2.exp.3,0.006035282
731,1045,29/3/21,577,0.373641069,13280,2,65,XX_Male,,Male,XX,0.508,NA,Data_03-30-2021_Bassiana_Mux2.exp.3,0.005748324
732,1046,29/3/21,577,0.379873221,17480,2,65,XX_Male,,Male,XX,0.508,NA,Data_03-30-2021_Bassiana_Mux2.exp.3,0.005844203
733,1047,29/3/21,577,0.360766096,21680,2,65,XX_Male,,Male,XX,0.508,NA,Data_03-30-2021_Bassiana_Mux2.exp.3,0.005550248
734,1048,29/3/21,577,0.374256891,25880,2,65,XX_Male,,Male,XX,0.508,NA,Data_03-30-2021_Bassiana_Mux2.exp.3,0.005757798
735,1049,29/3/21,577,0.374838155,29930,2,65,XX_Male,,Male,XX,0.508,NA,Data_03-30-2021_Bassiana_Mux2.exp.3,0.005766741
736,1050,29/3/21,577,0.376560207,34130,2,65,XX_Male,,Male,XX,0.508,NA,Data_03-30-2021_Bassiana_Mux2.exp.3,0.005793234
737,1051,29/3/21,577,0.431020185,38330,2,65,XX_Male,,Male,XX,0.508,NA,Data_03-30-2021_Bassiana_Mux2.exp.3,0.00663108
738,1056,29/3/21,579,0.376839343,12680,2,65,XX_Male,,Male,XX,0.532,NA,Data_03-30-2021_Bassiana_Mux2.exp.2,0.005797528
739,1057,29/3/21,579,0.379355093,16880,2,65,XX_Male,,Male,XX,0.532,NA,Data_03-30-2021_Bassiana_Mux2.exp.2,0.005836232
740,1058,29/3/21,579,0.371014732,21080,2,65,XX_Male,,Male,XX,0.532,NA,Data_03-30-2021_Bassiana_Mux2.exp.2,0.005707919
741,1059,29/3/21,579,0.377623223,25280,2,65,XX_Male,,Male,XX,0.532,NA,Data_03-30-2021_Bassiana_Mux2.exp.2,0.005809588
742,1060,29/3/21,579,0.383501679,29480,2,65,XX_Male,,Male,XX,0.532,NA,Data_03-30-2021_Bassiana_Mux2.exp.2,0.005900026
743,1061,29/3/21,579,0.397879855,33530,2,65,XX_Male,,Male,XX,0.532,NA,Data_03-30-2021_Bassiana_Mux2.exp.2,0.006121229
744,1062,29/3/21,579,0.385205763,37730,2,65,XX_Male,,Male,XX,0.532,NA,Data_03-30-2021_Bassiana_Mux2.exp.2,0.005926243
745,1067,29/3/21,580,0.582641187,10390,1,65,XX_Female,,Female,XX,0.678,NA,Data_03-30-2021_Bassiana.exp.5,0.008963711
746,1068,29/3/21,580,0.557478954,14480,1,65,XX_Female,,Female,XX,0.678,NA,Data_03-30-2021_Bassiana.exp.5,0.008576599
747,1069,29/3/21,580,0.544713149,18680,1,65,XX_Female,,Female,XX,0.678,NA,Data_03-30-2021_Bassiana.exp.5,0.008380202
748,1070,29/3/21,580,0.549069471,22880,1,65,XX_Female,,Female,XX,0.678,NA,Data_03-30-2021_Bassiana.exp.5,0.008447223
749,1071,29/3/21,580,0.536504374,27080,1,65,XX_Female,,Female,XX,0.678,NA,Data_03-30-2021_Bassiana.exp.5,0.008253913
750,1072,29/3/21,580,0.528370083,31130,1,65,XX_Female,,Female,XX,0.678,NA,Data_03-30-2021_Bassiana.exp.5,0.008128771
751,1073,29/3/21,580,0.518253575,35330,1,65,XX_Female,,Female,XX,0.678,NA,Data_03-30-2021_Bassiana.exp.5,0.007973132
752,1074,29/3/21,580,0.541189277,39530,1,65,XX_Female,,Female,XX,0.678,NA,Data_03-30-2021_Bassiana.exp.5,0.008325989
753,1079,29/3/21,589,0.345975964,10280,2,65,XX_Female,,Female,XX,0.498,NA,Data_03-30-2021_Bassiana_Mux2.exp.5,0.005322707
754,1080,29/3/21,589,0.313256615,14480,2,65,XX_Female,,Female,XX,0.498,NA,Data_03-30-2021_Bassiana_Mux2.exp.5,0.004819333
755,1081,29/3/21,589,0.319164104,18680,2,65,XX_Female,,Female,XX,0.498,NA,Data_03-30-2021_Bassiana_Mux2.exp.5,0.004910217
756,1082,29/3/21,589,0.32347773,22880,2,65,XX_Female,,Female,XX,0.498,NA,Data_03-30-2021_Bassiana_Mux2.exp.5,0.00497658
757,1083,29/3/21,589,0.326111514,27080,2,65,XX_Female,,Female,XX,0.498,NA,Data_03-30-2021_Bassiana_Mux2.exp.5,0.0050171
758,1084,29/3/21,589,0.328716962,31130,2,65,XX_Female,,Female,XX,0.498,NA,Data_03-30-2021_Bassiana_Mux2.exp.5,0.005057184
759,1085,29/3/21,589,0.347288395,35330,2,65,XX_Female,,Female,XX,0.498,NA,Data_03-30-2021_Bassiana_Mux2.exp.5,0.005342898
760,1086,29/3/21,589,0.339658868,39530,2,65,XX_Female,,Female,XX,0.498,NA,Data_03-30-2021_Bassiana_Mux2.exp.5,0.005225521